,Player,Tm,Age,Pos,G,GS,Tgt,Rec,Yds,TD,1D,YBC,YBC/R,YAC,YAC/R,ADOT,BrkTkl,Rec/Br,Drop,Drop%,Int,Rat,AirYards
0,StefonDiggs,BUF,27,WR,16,15,166,127,1535,8,73.0,1071,8.4,464,3.7,10.1,5,25.4,8,4.8,2.0,115.4,1676.6
1,DavanteAdams,GNB,28,WR,14,14,149,115,1374,18,73.0,777,6.8,597,5.2,8.9,2,57.5,1,0.7,3.0,136.0,1326.1
2,DeAndreHopkins,ARI,28,WR,16,16,160,115,1407,6,75.0,873,7.6,534,4.6,8.9,15,7.7,2,1.3,2.0,105.9,1424.0
3,DarrenWaller,LVR,28,TE,16,15,145,107,1196,9,69.0,624,5.8,572,5.3,7.8,7,15.3,4,2.8,3.0,110.0,1131.0
4,TravisKelce,KAN,31,TE,15,15,145,105,1416,11,79.0,829,7.9,587,5.6,8.5,10,10.5,2,1.4,3.0,119.8,1232.5
5,AllenRobinson,CHI,27,WR,16,16,151,102,1250,6,68.0,931,9.1,319,3.1,9.6,5,20.4,3,2.0,5.0,92.3,1449.6
6,KeenanAllen,LAC,28,WR,14,13,147,100,992,8,61.0,555,5.6,437,4.4,7.2,2,50.0,3,2.0,5.0,90.9,1058.4
7,TylerLockett,SEA,28,WR,16,16,132,100,1054,10,57.0,727,7.3,327,3.3,9.7,2,50.0,8,6.1,1.0,120.6,1280.4
8,JuJuSmith-Schuster,PIT,24,WR,16,14,128,97,831,9,48.0,422,4.4,409,4.2,5.5,4,24.3,3,2.3,5.0,99.4,704.0
9,RobbyAnderson,CAR,27,WR,16,16,136,95,1096,3,49.0,599,6.3,497,5.2,9.7,3,31.7,6,4.4,2.0,95.1,1319.2
10,AmariCooper,DAL,26,WR,16,15,130,92,1114,5,54.0,701,7.6,413,4.5,8.8,5,18.4,3,2.3,4.0,96.8,1144.0
11,CooperKupp,LAR,27,WR,15,12,124,92,974,3,44.0,449,4.9,525,5.7,6.0,12,7.7,6,4.8,3.0,94.6,744.0
12,CalvinRidley,ATL,26,WR,15,15,143,90,1374,9,65.0,1099,12.2,275,3.1,14.3,3,30.0,6,4.2,5.0,101.0,2044.9
13,RobertWoods,LAR,28,WR,16,16,129,90,936,6,44.0,442,4.9,494,5.5,6.7,2,45.0,4,3.1,5.0,89.8,864.3
14,JustinJefferson,MIN,21,WR,16,14,125,88,1400,7,58.0,947,10.8,453,5.1,11.4,9,9.8,2,1.6,4.0,112.7,1425.0
15,DiontaeJohnson,PIT,24,WR,15,13,144,88,923,7,45.0,529,6.0,394,4.5,7.9,5,17.6,13,9.0,2.0,90.1,1137.6
16,TyreekHill,KAN,26,WR,15,15,135,87,1276,15,57.0,842,9.7,434,5.0,12.9,8,10.9,5,3.7,1.0,129.1,1741.5
17,TerryMcLaurin,WAS,25,WR,15,15,134,87,1118,4,51.0,640,7.4,478,5.5,9.7,9,9.7,3,2.2,3.0,91.6,1299.8
18,AlvinKamara,NOR,25,rb,15,10,107,83,756,5,35.0,25,0.3,731,8.8,0.6,16,5.2,9,8.4,1.0,107.8,64.2
19,DKMetcalf,SEA,23,WR,16,16,129,83,1303,10,63.0,940,11.3,363,4.4,13.7,8,10.4,8,6.2,4.0,110.7,1767.3
20,ColeBeasley,BUF,31,wr,15,10,107,82,967,4,53.0,612,7.5,355,4.3,7.8,1,82.0,2,1.9,2.0,108.3,834.6
21,BrandinCooks,HOU,27,WR,15,15,119,81,1150,6,51.0,800,9.9,350,4.3,11.8,3,27.0,2,1.7,4.0,101.9,1404.2
22,JDMcKissic,WAS,27,rb,16,7,110,80,589,2,32.0,86,1.1,503,6.3,1.7,4,20.0,2,1.8,3.0,79.7,187.0
23,TylerBoyd,CIN,26,wr,15,8,110,79,841,4,43.0,491,6.2,350,4.4,8.5,1,79.0,2,1.8,4.0,90.8,935.0
24,CurtisSamuel,CAR,24,wr,15,5,97,77,851,3,39.0,531,6.9,320,4.2,7.3,4,19.3,5,5.2,1.0,109.2,708.1
25,MarvinJones,DET,30,WR,16,16,115,76,978,9,52.0,782,10.3,196,2.6,12.7,5,15.2,6,5.2,4.0,104.2,1460.5
26,CeeDeeLamb,DAL,21,WR,16,14,111,74,935,5,46.0,624,8.4,311,4.2,9.3,3,24.7,8,7.2,2.0,100.2,1032.3
27,AdamThielen,MIN,30,WR,15,15,108,74,925,14,52.0,682,9.2,243,3.3,11.5,2,37.0,7,6.5,4.0,119.0,1242.0
28,RussellGage,ATL,24,wr,16,8,109,72,786,4,50.0,505,7.0,281,3.9,8.5,4,18.0,7,6.4,1.0,95.6,926.5
29,JarvisLandry,CLE,28,WR,15,14,101,72,840,3,46.0,499,6.9,341,4.7,8.2,4,18.0,6,5.9,1.0,101.9,828.2
30,LoganThomas,WAS,29,TE,16,15,110,72,670,6,36.0,382,5.3,288,4.0,7.0,3,24.0,7,6.4,4.0,85.0,770.0
31,AJBrown,TEN,23,WR,14,12,106,70,1075,11,55.0,643,9.2,432,6.2,10.9,13,5.4,5,4.7,2.0,126.1,1155.4
32,MikeEvans,TAM,27,WR,16,16,109,70,1006,13,55.0,741,10.6,265,3.8,12.1,2,35.0,4,3.7,2.0,126.0,1318.9
33,TeeHiggins,CIN,21,WR,16,14,108,67,908,6,52.0,598,8.9,310,4.6,11.5,5,13.4,8,7.4,1.0,103.5,1242.0
34,TJHockenson,DET,23,TE,16,16,101,67,723,6,40.0,394,5.9,329,4.9,7.0,4,16.8,7,6.9,4.0,90.5,707.0
35,DJMoore,CAR,23,WR,15,14,118,66,1193,4,53.0,811,12.3,382,5.8,13.2,6,11.0,7,5.9,9.0,70.3,1557.6
36,SterlingShepard,NYG,27,WR,12,12,90,66,656,3,37.0,452,6.8,204,3.1,8.3,2,33.0,1,1.1,1.0,100.0,747.0
37,CoreyDavis,TEN,25,WR,14,12,92,65,984,5,49.0,693,10.7,291,4.5,11.7,3,21.7,3,3.3,0.0,123.6,1076.4
38,ChrisGodwin,TAM,24,WR,12,12,84,65,840,7,43.0,560,8.6,280,4.3,10.2,2,32.5,3,3.6,1.0,131.1,856.8
39,EvanEngram,NYG,26,TE,16,14,109,63,654,1,29.0,367,5.8,287,4.6,6.9,4,15.8,11,10.1,6.0,55.4,752.1
40,NyheimHines,IND,24,rb,16,2,76,63,482,4,24.0,12,0.2,470,7.5,0.7,5,12.6,1,1.3,0.0,110.6,53.2
41,DeVanteParker,MIA,27,WR,14,11,103,63,793,4,45.0,620,9.8,173,2.7,9.7,6,10.5,6,5.8,2.0,90.0,999.1
42,DaltonSchultz,DAL,24,TE,16,14,89,63,615,4,33.0,336,5.3,279,4.4,6.4,8,7.9,4,4.5,2.0,95.5,569.6
43,ChaseClaypool,PIT,22,wr,16,6,109,62,873,9,41.0,544,8.8,329,5.3,13.2,3,20.7,6,5.5,0.0,110.4,1438.8
44,NoahFant,DEN,23,TE,15,14,93,62,673,3,34.0,296,4.8,377,6.1,6.7,4,15.5,5,5.4,2.0,89.6,623.1
45,DarnellMooney,CHI,23,wr,16,9,98,61,631,4,33.0,377,6.2,254,4.2,11.5,8,7.6,1,1.0,2.0,85.9,1127.0
46,EmmanuelSanders,NOR,33,wr,14,5,82,61,726,5,33.0,556,9.1,170,2.8,8.8,3,20.3,3,3.7,2.0,111.1,721.6
47,BrandonAiyuk,SFO,22,WR,12,11,96,60,748,5,42.0,459,7.7,289,4.8,9.4,7,8.6,5,5.2,4.0,86.6,902.4
48,HunterHenry,LAC,26,TE,14,14,93,60,613,4,35.0,387,6.5,226,3.8,8.0,3,20.0,2,2.2,1.0,93.2,744.0
49,JamisonCrowder,NYJ,27,wr,12,7,89,59,699,6,32.0,372,6.3,327,5.5,7.6,2,29.5,3,3.4,3.0,98.5,676.4
50,MikeDavis,CAR,27,RB,15,12,70,59,373,2,17.0,-45,-0.8,418,7.1,-0.5,11,5.4,2,2.9,1.0,92.4,-35.0
51,MichaelGallup,DAL,24,WR,16,15,105,59,843,5,44.0,591,10.0,252,4.3,11.8,7,8.4,6,5.7,0.0,98.2,1239.0
52,JakobiMeyers,NWE,24,wr,14,9,81,59,729,0,37.0,513,8.7,216,3.7,10.2,4,14.8,4,4.9,2.0,90.0,826.2
53,MarkAndrews,BAL,25,te,14,2,88,58,701,7,37.0,519,8.9,182,3.1,10.2,2,29.0,5,5.7,1.0,112.0,897.6
54,MarquiseBrown,BAL,23,WR,16,14,100,58,769,8,35.0,495,8.5,274,4.7,12.9,4,14.5,6,6.0,4.0,92.5,1290.0
55,LaviskaShenault,JAX,22,WR,14,12,79,58,600,5,33.0,302,5.2,298,5.1,6.2,8,7.3,3,3.8,0.0,116.0,489.8
56,EricEbron,PIT,27,te,15,9,91,56,558,5,30.0,366,6.5,192,3.4,7.1,0,,7,7.7,1.0,92.7,646.1
57,TYHilton,IND,31,WR,15,15,93,56,762,5,42.0,568,10.1,194,3.5,12.5,3,18.7,3,3.2,3.0,90.9,1162.5
58,HaydenHurst,ATL,27,te,16,9,88,56,571,6,35.0,326,5.8,245,4.4,6.8,2,28.0,4,4.5,2.0,95.4,598.4
59,HunterRenfrow,LVR,25,wr,16,6,77,56,656,2,32.0,318,5.7,338,6.0,7.1,5,11.2,2,2.6,0.0,106.8,546.7
60,KeelanCole,JAX,27,wr,16,5,88,55,642,5,34.0,468,8.5,174,3.2,10.9,2,27.5,6,6.8,1.0,98.8,959.2
61,AustinEkeler,LAC,25,rb,10,10,65,54,403,2,20.0,-70,-1.3,473,8.8,-1.2,7,7.7,2,3.1,0.0,102.8,-78.0
62,LarryFitzgerald,ARI,37,WR,13,13,72,54,409,1,25.0,224,4.1,185,3.4,6.0,0,,1,1.4,2.0,81.3,432.0
63,DavidMontgomery,CHI,23,RB,15,14,68,54,438,2,25.0,42,0.8,396,7.3,0.9,11,4.9,3,4.4,0.0,103.3,61.2
64,DJChark,JAX,24,WR,13,12,93,53,706,5,37.0,541,10.2,165,3.1,14.0,0,,2,2.2,5.0,76.7,1302.0
65,ChaseEdmonds,ARI,24,rb,16,2,67,53,402,4,21.0,76,1.4,326,6.2,2.0,6,8.8,1,1.5,0.0,111.6,134.0
66,WillFuller,HOU,26,WR,11,11,75,53,879,8,38.0,588,11.1,291,5.5,12.5,4,13.3,3,4.0,2.0,134.2,937.5
67,MikeGesicki,MIA,25,te,15,9,85,53,703,6,36.0,536,10.1,167,3.2,11.1,0,,2,2.4,3.0,97.3,943.5
68,GregWard,PHI,25,wr,16,10,79,53,419,6,24.0,255,4.8,164,3.1,5.6,1,53.0,2,2.5,2.0,94.9,442.4
69,EzekielElliott,DAL,25,RB,15,15,71,52,338,2,20.0,-22,-0.4,360,6.9,-0.2,2,26.0,8,11.3,3.0,74.7,-14.2
70,JerryJeudy,DEN,21,WR,16,14,113,52,856,3,39.0,572,11.0,284,5.5,13.5,5,10.4,10,8.8,6.0,58.7,1525.5
71,JoshReynolds,LAR,25,WR,16,13,81,52,618,2,29.0,393,7.6,225,4.3,10.4,2,26.0,3,3.7,2.0,85.3,842.4
72,RobertTonyan,GNB,26,te,16,8,59,52,586,11,33.0,363,7.0,223,4.3,7.7,0,,0,0.0,0.0,147.6,454.3
73,JulioJones,ATL,31,wr,9,9,68,51,771,3,36.0,540,10.6,231,4.5,11.2,7,7.3,3,4.4,0.0,126.5,761.6
74,TimPatrick,DEN,27,WR,15,15,79,51,742,6,33.0,504,9.9,238,4.7,12.5,3,17.0,0,0.0,3.0,104.5,987.5
75,JimmyGraham,CHI,34,TE,16,15,76,50,456,8,32.0,258,5.2,198,4.0,6.8,1,50.0,1,1.3,3.0,100.5,516.8
76,DariusSlayton,NYG,23,WR,16,15,96,50,751,3,38.0,592,11.8,159,3.2,12.6,1,50.0,6,6.3,2.0,79.8,1209.6
77,KendrickBourne,SFO,25,wr,15,5,74,49,667,2,35.0,448,9.1,219,4.5,9.3,3,16.3,6,8.1,2.0,92.6,688.2
78,AnthonyMiller,CHI,26,wr,16,6,76,49,485,2,23.0,337,6.9,148,3.0,9.7,1,49.0,4,5.3,3.0,74.7,737.2
79,JamesRobinson,JAX,22,RB,14,14,60,49,344,3,15.0,-39,-0.8,383,7.8,-0.8,5,9.8,2,3.3,0.0,107.2,-48.0
80,JamesWhite,NWE,28,,14,0,62,49,375,1,20.0,-36,-0.7,411,8.4,-0.6,2,24.5,3,4.8,1.0,90.5,-37.2
81,NelsonAgholor,LVR,27,WR,16,13,82,48,896,8,37.0,666,13.9,230,4.8,15.5,3,16.0,5,6.1,3.0,113.7,1271.0
82,ChristianKirk,ARI,24,wr,14,10,79,48,621,6,30.0,446,9.3,175,3.6,11.8,1,48.0,2,2.5,3.0,95.0,932.2
83,GeorgeKittle,SFO,27,te,8,8,63,48,634,2,32.0,337,7.0,297,6.2,7.3,1,48.0,5,7.9,2.0,104.9,459.9
84,MikeWilliams,LAC,26,WR,15,11,85,48,756,5,35.0,594,12.4,162,3.4,14.5,0,,3,3.5,2.0,96.0,1232.5
85,GiovaniBernard,CIN,29,rb,16,10,59,47,355,3,15.0,5,0.1,350,7.4,1.3,2,23.5,4,6.8,1.0,101.6,76.7
86,DamiereByrd,NWE,27,WR,16,14,77,47,604,1,29.0,432,9.2,172,3.7,11.5,3,15.7,4,5.2,3.0,73.7,885.5
87,AJGreen,CIN,32,WR,16,14,104,47,523,2,34.0,437,9.3,86,1.8,13.7,2,23.5,3,2.9,3.0,55.1,1424.8
88,AaronJones,GNB,26,RB,14,14,63,47,355,2,15.0,-10,-0.2,365,7.8,1.2,6,7.8,4,6.3,0.0,98.3,75.6
89,DannyAmendola,DET,35,wr,14,5,69,46,602,0,30.0,312,6.8,290,6.3,8.1,5,9.2,2,2.9,2.0,81.9,558.9
90,DallasGoedert,PHI,25,te,11,9,65,46,524,3,28.0,318,6.9,206,4.5,8.5,6,7.7,1,1.5,1.0,103.6,552.5
91,AustinHooper,CLE,26,TE,13,13,70,46,435,4,27.0,261,5.7,174,3.8,6.4,1,46.0,2,2.9,1.0,95.8,448.0
92,DAndreSwift,DET,21,rb,13,4,57,46,357,2,15.0,6,0.1,351,7.6,0.9,2,23.0,5,8.8,0.0,104.5,51.3
93,AntonioBrown,TAM,32,wr,8,4,62,45,483,4,27.0,232,5.2,251,5.6,8.9,3,15.0,0,0.0,1.0,109.8,551.8
94,RobGronkowski,TAM,31,TE,16,16,77,45,623,7,29.0,377,8.4,246,5.5,11.0,1,45.0,2,2.6,2.0,104.0,847.0
95,DemarcusRobinson,KAN,26,wr,16,9,59,45,466,3,26.0,293,6.5,173,3.8,8.9,1,45.0,1,1.7,1.0,108.4,525.1
96,DalvinCook,MIN,25,RB,14,14,54,44,361,1,17.0,-77,-1.8,438,10.0,-1.8,6,7.3,3,5.6,1.0,93.0,-97.2
97,TylerHigbee,LAR,27,TE,15,15,60,44,521,5,26.0,283,6.4,238,5.4,7.7,4,11.0,3,5.0,0.0,127.2,462.0
98,ZachPascal,IND,26,WR,16,14,71,44,629,5,29.0,396,9.0,233,5.3,10.9,1,44.0,3,4.2,2.0,102.4,773.9
99,GeraldEverett,LAR,26,te,16,7,62,41,417,1,24.0,174,4.2,243,5.9,6.2,6,6.8,7,11.3,1.0,83.9,384.4
100,MylesGaskin,MIA,23,rb,10,7,47,41,388,2,12.0,0,0.0,388,9.5,0.2,4,10.3,2,4.3,0.0,115.2,9.4
101,MecoleHardman,KAN,22,wr,16,8,62,41,560,4,23.0,275,6.7,285,7.0,10.6,2,20.5,8,12.9,0.0,116.3,657.2
102,JonnuSmith,TEN,25,TE,15,14,65,41,448,8,25.0,210,5.1,238,5.8,5.5,2,20.5,3,4.6,2.0,110.1,357.5
103,ChrisConley,JAX,28,wr,15,4,63,40,471,2,24.0,291,7.3,180,4.5,10.3,4,10.0,4,6.3,1.0,90.1,648.9
104,MichaelPittman,IND,23,wr,13,8,61,40,503,1,22.0,210,5.3,293,7.3,8.4,2,20.0,1,1.6,1.0,89.7,512.4
105,DrewSample,CIN,24,TE,16,13,53,40,349,1,16.0,151,3.8,198,5.0,4.2,5,8.0,3,5.7,1.0,90.8,222.6
106,MichaelThomas,NOR,27,wr,7,5,55,40,438,0,25.0,356,8.9,82,2.1,9.6,1,40.0,1,1.8,1.0,88.3,528.0
107,AnthonyFirkser,TEN,25,te,16,1,53,39,387,1,26.0,244,6.3,143,3.7,7.0,4,9.8,1,1.9,0.0,100.1,371.0
108,RandallCobb,HOU,30,wr,10,2,48,38,441,3,20.0,270,7.1,171,4.5,6.7,1,38.0,0,0.0,0.0,125.8,321.6
109,TravisFulgham,PHI,25,wr,13,8,67,38,539,4,26.0,439,11.6,100,2.6,12.0,3,12.7,2,3.0,1.0,96.5,804.0
110,KareemHunt,CLE,25,rb,16,5,51,38,304,5,19.0,24,0.6,280,7.4,1.4,5,7.6,4,7.8,0.0,121.7,71.4
111,DevinSingletary,BUF,23,RB,16,16,50,38,269,0,8.0,0,0.0,269,7.1,1.0,4,9.5,3,6.0,0.0,87.8,50.0
112,JordanAkins,HOU,28,te,13,5,49,37,403,1,20.0,231,6.2,172,4.6,7.5,3,12.3,3,6.1,0.0,106.1,367.5
113,BraxtonBerrios,NYJ,25,wr,16,2,55,37,394,3,19.0,178,4.8,216,5.8,7.6,2,18.5,3,5.5,1.0,98.6,418.0
114,ChrisCarson,SEA,26,RB,12,12,46,37,287,4,14.0,30,0.8,257,6.9,1.3,3,12.3,3,6.5,4.0,85.4,59.8
115,JaredCook,NOR,33,te,15,5,60,37,504,7,27.0,380,10.3,124,3.4,11.5,2,18.5,2,3.3,1.0,120.4,690.0
116,RashardHiggins,CLE,26,wr,13,6,52,37,599,4,26.0,521,14.1,78,2.1,14.1,0,,0,0.0,2.0,119.0,733.2
117,SammyWatkins,KAN,27,wr,10,9,55,37,421,2,27.0,264,7.1,157,4.2,8.1,2,18.5,3,5.5,0.0,102.2,445.5
118,ClydeEdwards-Helaire,KAN,21,RB,13,13,54,36,297,1,12.0,2,0.1,295,8.2,0.6,10,3.6,3,5.6,1.0,79.0,32.4
119,TylerEifert,JAX,30,te,15,4,60,36,349,2,22.0,236,6.6,113,3.1,8.2,0,,0,0.0,4.0,59.7,492.0
120,ZachErtz,PHI,30,TE,11,11,72,36,335,1,16.0,247,6.9,88,2.4,7.4,0,,5,6.9,3.0,50.4,532.8
121,LeonardFournette,TAM,25,rb,13,3,47,36,233,0,9.0,-2,-0.1,235,6.5,0.1,5,7.2,7,14.9,0.0,86.6,4.7
122,AntonioGibson,WAS,22,rb,14,10,44,36,247,0,9.0,-54,-1.5,301,8.4,-0.8,8,4.5,2,4.5,0.0,90.1,-35.2
123,JakeemGrant,MIA,28,wr,14,4,54,36,373,1,22.0,201,5.6,172,4.8,10.5,9,4.0,3,5.6,2.0,77.2,567.0
124,JonathanTaylor,IND,21,RB,15,13,39,36,299,1,12.0,-68,-1.9,367,10.2,-1.3,3,12.0,1,2.6,0.0,107.2,-50.7
125,JamesConner,PIT,25,RB,13,11,43,35,215,0,10.0,-15,-0.4,230,6.6,-0.1,3,11.7,4,9.3,0.0,87.5,-4.3
126,GabrielDavis,BUF,21,WR,16,11,62,35,599,7,27.0,468,13.4,131,3.7,15.2,1,35.0,3,4.8,4.0,100.1,942.4
127,DavidMoore,SEA,25,wr,16,6,47,35,417,6,18.0,248,7.1,169,4.8,8.9,0,,3,6.4,0.0,140.7,418.3
128,GoldenTate,NYG,32,,12,4,52,35,388,2,17.0,313,8.9,75,2.1,8.5,0,,1,1.9,1.0,94.1,442.0
129,TreQuanSmith,NOR,24,wr,14,10,50,34,448,4,22.0,313,9.2,135,4.0,9.0,5,6.8,4,8.0,0.0,122.7,450.0
130,JohnBrown,BUF,30,wr,9,8,52,33,458,3,22.0,281,8.5,177,5.4,12.4,0,,2,3.8,0.0,110.9,644.8
131,KekeCoutee,HOU,23,wr,8,4,40,33,400,3,19.0,252,7.6,148,4.5,9.4,4,8.3,0,0.0,0.0,133.3,376.0
132,NKealHarry,NWE,23,wr,14,9,57,33,309,2,15.0,204,6.2,105,3.2,8.0,4,8.3,1,1.8,2.0,70.0,456.0
133,JoshJacobs,LVR,22,RB,15,15,45,33,238,0,9.0,0,0.0,238,7.2,0.7,4,8.3,2,4.4,0.0,85.2,31.5
134,DavidJohnson,HOU,29,RB,12,12,46,33,314,2,16.0,79,2.4,235,7.1,3.7,0,,2,4.3,0.0,104.8,170.2
135,AllenLazard,GNB,25,wr,10,9,46,33,451,3,23.0,256,7.8,195,5.9,10.0,0,,5,10.9,0.0,124.5,460.0
136,JerickMcKinnon,SFO,28,rb,16,4,46,33,253,1,12.0,75,2.3,178,5.4,3.4,1,33.0,2,4.3,3.0,64.9,156.4
137,ScottMiller,TAM,23,wr,16,5,53,33,501,3,20.0,392,11.9,109,3.3,15.8,1,33.0,2,3.8,2.0,96.5,837.4
138,DeeboSamuel,SFO,24,wr,7,5,44,33,391,1,19.0,-7,-0.2,398,12.1,2.2,6,5.5,3,6.8,2.0,90.2,96.8
139,WillieSnead,BAL,28,wr,13,8,48,33,432,3,23.0,245,7.4,187,5.7,8.9,7,4.7,3,6.3,1.0,109.0,427.2
140,MarquezValdes-Scantling,GNB,26,WR,16,12,63,33,690,6,27.0,449,13.6,241,7.3,18.3,1,33.0,7,11.1,2.0,109.9,1152.9
141,MelvinGordon,DEN,27,rb,15,10,44,32,158,1,7.0,-9,-0.3,167,5.2,0.1,4,8.0,3,6.8,0.0,85.2,4.4
142,CamSims,WAS,24,wr,16,10,48,32,477,1,18.0,228,7.1,249,7.8,10.9,5,6.4,1,2.1,3.0,79.9,523.2
143,MoAlie-Cox,IND,27,te,15,6,39,31,394,2,19.0,212,6.8,182,5.9,6.8,0,,1,2.6,2.0,104.5,265.2
144,DanArnold,ARI,25,te,16,5,45,31,438,4,24.0,265,8.5,173,5.6,12.6,0,,1,2.2,1.0,120.4,567.0
145,ChrisHerndon,NYJ,24,TE,16,13,45,31,287,3,17.0,159,5.1,128,4.1,6.8,1,31.0,4,8.9,0.0,108.3,306.0
146,JalenReagor,PHI,21,WR,11,11,54,31,396,1,19.0,205,6.6,191,6.2,12.7,3,10.3,1,1.9,3.0,63.5,685.8
147,JamaalWilliams,GNB,25,rb,14,3,35,31,236,1,11.0,17,0.5,219,7.1,0.5,4,7.8,2,5.7,0.0,104.3,17.5
148,KJHamler,DEN,21,wr,13,4,56,30,381,3,17.0,257,8.6,124,4.1,10.4,4,7.5,7,12.5,3.0,70.6,582.4
149,IsaiahMcKenzie,BUF,25,wr,16,7,34,30,282,5,17.0,92,3.1,190,6.3,4.4,0,,1,2.9,0.0,140.8,149.6
150,BreshadPerriman,NYJ,27,WR,12,12,60,30,505,3,20.0,345,11.5,160,5.3,15.1,1,30.0,3,5.0,4.0,67.7,906.0
151,IrvSmith,MIN,22,te,13,7,43,30,365,5,22.0,239,8.0,126,4.2,8.0,2,15.0,1,2.3,0.0,134.4,344.0
152,JamesWashington,PIT,24,wr,16,7,56,30,392,5,19.0,253,8.4,139,4.6,12.5,1,30.0,4,7.1,2.0,90.8,700.0
153,KalenBallage,2TM,25,,11,2,37,29,166,0,5.0,-47,-1.6,213,7.3,-0.5,4,7.3,2,5.4,,85.4,-18.5
154,LynnBowden,MIA,23,rb,10,4,37,28,211,0,13.0,99,3.5,112,4.0,5.0,6,4.7,0,0.0,2.0,66.4,185.0
155,CameronBrate,TAM,29,te,16,1,34,28,282,2,17.0,211,7.5,71,2.5,8.6,0,,0,0.0,1.0,108.6,292.4
156,TreyBurton,IND,29,te,13,4,47,28,250,3,14.0,163,5.8,87,3.1,7.5,1,28.0,4,8.5,1.0,86.3,352.5
157,IsaiahFord,MIA,24,,10,1,44,28,276,0,18.0,208,7.4,68,2.4,9.2,0,,1,2.3,2.0,62.3,404.8
158,JalenGuyton,LAC,23,wr,16,9,55,28,511,3,18.0,332,11.9,179,6.4,16.3,1,28.0,5,9.1,2.0,86.2,896.5
159,DukeJohnson,HOU,27,rb,11,5,35,28,249,1,8.0,29,1.0,220,7.9,1.9,2,14.0,2,5.7,0.0,105.8,66.5
160,RonaldJones,TAM,23,RB,14,13,42,28,165,1,2.0,8,0.3,157,5.6,0.9,1,28.0,5,11.9,1.0,72.0,37.8
161,ColeKmet,CHI,21,te,16,9,44,28,243,2,12.0,107,3.8,136,4.9,6.5,2,14.0,2,4.5,1.0,83.8,286.0
162,JamesOShaughnessy,JAX,28,TE,15,13,38,28,262,0,12.0,168,6.0,94,3.4,7.2,1,28.0,0,0.0,1.0,81.3,273.6
163,TonyPollard,DAL,23,rb,16,2,40,28,193,1,9.0,-39,-1.4,232,8.3,-0.4,4,7.0,4,10.0,0.0,88.9,-16.0
164,KyleRudolph,MIN,31,TE,12,12,37,28,334,1,16.0,170,6.1,164,5.9,7.1,2,14.0,0,0.0,0.0,111.8,262.7
165,MilesSanders,PHI,23,RB,12,11,52,28,197,0,8.0,-11,-0.4,208,7.4,1.9,3,9.3,7,13.5,2.0,46.7,98.8
166,StevenSims,WAS,23,wr,12,2,37,27,265,1,13.0,139,5.1,126,4.7,7.1,0,,2,5.4,1.0,90.5,262.7
167,IsaiahWright,WAS,23,wr,14,6,35,27,197,0,10.0,54,2.0,143,5.3,3.9,2,13.5,1,2.9,0.0,89.8,136.5
168,JordanReed,SFO,30,te,10,1,46,26,231,4,16.0,147,5.7,84,3.2,8.0,2,13.0,3,6.5,1.0,90.0,368.0
169,HenryRuggs,LVR,21,WR,13,12,43,26,452,2,13.0,307,11.8,145,5.6,17.4,0,,3,7.0,1.0,102.1,748.2
170,DurhamSmythe,MIA,25,TE,15,13,29,26,208,2,13.0,86,3.3,122,4.7,3.9,2,13.0,1,3.4,0.0,119.5,113.1
171,RexBurkhead,NWE,30,,10,0,33,25,192,3,11.0,-9,-0.4,201,8.0,0.9,2,12.5,0,0.0,1.0,107.1,29.7
172,KenyanDrake,ARI,26,RB,15,13,31,25,137,0,5.0,-28,-1.1,165,6.6,-1.0,1,25.0,2,6.5,0.0,85.1,-31.0
173,ToddGurley,ATL,26,RB,15,15,35,25,164,0,7.0,41,1.6,123,4.9,1.5,3,8.3,4,11.4,0.0,81.1,52.5
174,BrianHill,ATL,25,rb,16,1,30,25,199,0,7.0,37,1.5,162,6.5,1.3,4,6.3,3,10.0,0.0,94.3,39.0
175,JacobHollister,SEA,27,te,16,5,40,25,209,3,14.0,129,5.2,80,3.2,5.9,0,,2,5.0,1.0,90.5,236.0
176,BostonScott,PHI,25,rb,16,4,36,25,212,1,8.0,31,1.2,181,7.2,2.6,1,25.0,0,0.0,0.0,93.7,93.6
177,HarrisonBryant,CLE,22,te,15,9,38,24,238,3,14.0,121,5.0,117,4.9,7.7,2,12.0,3,7.9,2.0,85.2,292.6
178,WillDissly,SEA,24,TE,16,12,29,24,251,2,12.0,82,3.4,169,7.0,4.8,0,,1,3.4,1.0,111.4,139.2
179,DawsonKnox,BUF,24,te,12,7,44,24,288,3,14.0,128,5.3,160,6.7,8.2,0,,4,9.1,1.0,88.1,360.8
180,GregOlsen,SEA,35,te,11,8,37,24,239,1,16.0,190,7.9,49,2.0,7.8,0,,2,5.4,2.0,69.5,288.6
181,RichardRodgers,PHI,28,te,14,4,31,24,345,2,16.0,250,10.4,95,4.0,9.8,1,24.0,0,0.0,0.0,134.5,303.8
182,OdellBeckham,CLE,28,wr,7,7,43,23,319,3,17.0,273,11.9,46,2.0,13.6,2,11.5,1,2.3,1.0,91.1,584.8
183,MalcolmBrown,LAR,27,,16,0,33,23,162,0,9.0,-16,-0.7,178,7.7,-0.3,1,23.0,3,9.1,0.0,80.6,-9.9
184,JackDoyle,IND,30,TE,14,12,33,23,251,3,13.0,160,7.0,91,4.0,6.9,1,23.0,0,0.0,0.0,122.2,227.7
185,DaeSeanHamilton,DEN,25,wr,16,2,44,23,293,2,16.0,198,8.6,95,4.1,13.4,0,,2,4.5,3.0,60.1,589.6
186,AdamHumphries,TEN,27,,7,1,35,23,228,2,11.0,183,8.0,45,2.0,9.6,0,,1,2.9,1.0,91.1,336.0
187,RichieJames,SFO,25,wr,11,7,35,23,394,1,15.0,201,8.7,193,8.4,10.7,3,7.7,2,5.7,0.0,113.3,374.5
188,JoshuaKelley,LAC,23,,14,0,23,23,148,0,9.0,-25,-1.1,173,7.5,-1.1,2,11.5,0,0.0,0.0,93.5,-25.3
189,DenzelMims,NYJ,23,wr,9,8,44,23,357,0,15.0,251,10.9,106,4.6,15.3,5,4.6,1,2.3,1.0,70.0,673.2
190,LataviusMurray,NOR,30,ss,15,7,26,23,176,1,8.0,-22,-1.0,198,8.6,-1.0,2,11.5,2,7.7,0.0,107.7,-26.0
191,MarquezCallaway,NOR,22,wr,11,3,27,21,213,0,10.0,155,7.4,58,2.8,8.4,2,10.5,0,0.0,0.0,99.5,226.8
192,JulianEdelman,NWE,34,wr,6,1,39,21,315,0,18.0,251,12.0,64,3.0,10.3,0,,3,7.7,3.0,48.6,401.7
193,DarrenFells,HOU,34,TE,16,14,28,21,312,4,16.0,135,6.4,177,8.4,7.1,6,3.5,0,0.0,0.0,150.6,198.8
194,WayneGallman,NYG,26,rb,15,10,27,21,114,0,6.0,14,0.7,100,4.8,0.4,0,,3,11.1,0.0,84.3,10.8
195,AndyIsabella,ARI,24,wr,13,2,35,21,224,2,10.0,142,6.8,82,3.9,11.3,2,10.5,2,5.7,3.0,62.1,395.5
196,JoeMixon,CIN,24,rb,6,6,26,21,138,1,5.0,-29,-1.4,167,8.0,-1.0,2,10.5,1,3.8,0.0,101.6,-26.0
197,CordarrellePatterson,CHI,29,wr,16,3,25,21,132,0,7.0,18,0.9,114,5.4,3.6,1,21.0,1,4.0,0.0,88.7,90.0
198,ChadBeebe,MIN,26,,14,0,30,20,201,2,12.0,128,6.4,73,3.7,6.0,2,10.0,1,3.3,1.0,93.9,180.0
199,QuintezCephus,DET,22,wr,13,2,35,20,349,2,16.0,264,13.2,85,4.3,14.5,0,,3,8.6,0.0,110.3,507.5
200,DevinDuvernay,BAL,23,wr,16,3,26,20,201,0,8.0,83,4.2,118,5.9,6.2,1,20.0,1,3.8,2.0,66.3,161.2
201,KennyGolladay,DET,27,wr,5,5,32,20,338,2,16.0,300,15.0,38,1.9,14.6,0,,2,6.3,0.0,119.0,467.2
202,DeonteHarris,NOR,23,wr,9,2,25,20,186,1,10.0,59,3.0,127,6.4,4.0,4,5.0,1,4.0,1.0,94.3,100.0
203,TyronJohnson,LAC,24,,12,0,26,20,398,3,15.0,339,17.0,59,3.0,20.5,4,5.0,0,0.0,0.0,156.7,533.0
204,Ray-RayMcCloud,PIT,24,wr,16,2,22,20,77,0,3.0,-28,-1.4,105,5.3,-1.5,0,,0,0.0,0.0,81.2,-33.0
205,IanThomas,CAR,24,te,16,8,31,20,145,1,11.0,67,3.4,78,3.9,6.3,0,,1,3.2,2.0,59.2,195.3
206,ChrisThompson,JAX,30,,8,0,23,20,146,1,5.0,39,2.0,107,5.4,2.8,1,20.0,0,0.0,0.0,107.6,64.4
207,OlamideZaccheaus,ATL,23,wr,11,2,32,20,274,1,16.0,211,10.6,63,3.2,13.8,2,10.0,1,3.1,1.0,87.2,441.6
208,MilesBoykin,BAL,24,WR,16,13,33,19,266,4,14.0,186,9.8,80,4.2,11.6,0,,0,0.0,1.0,110.6,382.8
209,TylerConklin,MIN,25,te,16,2,26,19,194,1,11.0,68,3.6,126,6.6,4.4,1,19.0,2,7.7,0.0,106.9,114.4
210,RossDwelley,SFO,25,te,16,9,24,19,245,1,10.0,138,7.3,107,5.6,7.6,1,19.0,0,0.0,0.0,123.1,182.4
211,DerrickHenry,TEN,26,RB,16,16,31,19,114,0,4.0,-13,-0.7,127,6.7,-0.9,1,19.0,1,3.2,0.0,68.5,-27.9
212,JustinJackson,LAC,24,rb,9,4,24,19,173,0,7.0,-43,-2.3,216,11.4,-1.8,5,3.8,1,4.2,0.0,96.7,-43.2
213,VanJefferson,LAR,24,,16,0,31,19,220,1,11.0,174,9.2,46,2.4,10.2,2,9.5,1,3.2,2.0,66.6,316.2
214,KerryonJohnson,DET,23,rb,16,2,26,19,187,1,11.0,4,0.2,183,9.6,-0.1,1,19.0,2,7.7,0.0,105.8,-2.6
215,KyleJuszczyk,SFO,29,FB,16,15,29,19,202,4,10.0,101,5.3,101,5.3,6.5,0,,2,6.9,1.0,110.9,188.5
216,DionLewis,NYG,30,,16,0,30,19,127,1,8.0,47,2.5,80,4.2,1.7,1,19.0,2,6.7,0.0,83.6,51.0
217,DavidNjoku,CLE,24,te,13,5,29,19,213,2,13.0,126,6.6,87,4.6,7.4,2,9.5,1,3.4,0.0,110.3,214.6
218,JalenRichard,LVR,27,,13,0,23,19,138,0,5.0,41,2.2,97,5.1,2.1,0,,1,4.3,1.0,73.6,48.3
219,JKDobbins,BAL,22,rb,15,1,24,18,120,0,4.0,-9,-0.5,129,7.2,0.0,2,9.0,4,16.7,0.0,85.4,0.0
220,MarvinHall,2TM,27,,12,6,32,18,302,2,10.0,244,13.6,58,3.2,17.2,0,,4,12.5,,109.1,550.4
221,DontrelleInman,WAS,31,,10,2,28,18,163,2,11.0,119,6.6,44,2.4,8.3,0,,1,3.6,2.0,74.0,232.4
222,CollinJohnson,JAX,23,,14,0,31,18,272,2,12.0,207,11.5,65,3.6,12.1,0,,0,0.0,1.0,95.1,375.1
223,KadenSmith,NYG,23,TE,15,12,21,18,112,0,7.0,23,1.3,89,4.9,1.6,1,18.0,0,0.0,0.0,88.9,33.6
224,DarrelWilliams,KAN,25,,16,0,26,18,116,0,6.0,-40,-2.2,156,8.7,-0.8,1,18.0,2,7.7,0.0,78.4,-20.8
225,PrestonWilliams,MIA,23,wr,8,7,35,18,288,4,14.0,246,13.7,42,2.3,14.5,0,,3,8.6,2.0,93.5,507.5
226,DevontaeBooker,LVR,28,rb,16,1,21,17,84,0,2.0,3,0.2,81,4.8,0.3,2,8.5,0,0.0,1.0,63.5,6.3
227,DeeJayDallas,SEA,22,rb,12,2,20,17,111,1,5.0,1,0.1,110,6.5,0.1,1,17.0,0,0.0,0.0,106.5,2.0
228,ChadHansen,HOU,25,wr,5,2,24,17,236,1,11.0,197,11.6,39,2.3,12.2,0,,1,4.2,0.0,116.0,292.8
229,ChristianMcCaffrey,CAR,24,rb,3,3,19,17,149,1,8.0,26,1.5,123,7.2,1.4,3,5.7,0,0.0,1.0,95.0,26.6
230,MohamedSanu,2TM,31,,10,4,24,17,187,1,13.0,150,8.8,37,2.2,12.0,0,,1,4.2,,107.5,288.0
231,ItoSmith,ATL,25,,14,0,26,17,75,0,3.0,-6,-0.4,81,4.8,0.0,1,17.0,1,3.8,0.0,69.1,0.0
232,JeffSmith,NYJ,23,wr,12,4,37,17,167,0,9.0,118,6.9,49,2.9,12.6,0,,2,5.4,2.0,36.7,466.2
233,CedrickWilson,DAL,25,,16,0,28,17,189,2,10.0,76,4.5,113,6.6,8.7,1,17.0,3,10.7,1.0,89.7,243.6
234,LeVeonBell,2TM,28,,11,4,20,16,138,0,7.0,2,0.1,136,8.5,0.5,2,8.0,1,5.0,,95.4,10.0
235,NickChubb,CLE,25,RB,12,12,18,16,150,0,6.0,17,1.1,133,8.3,2.7,4,4.0,0,0.0,0.0,101.4,48.6
236,FrankGore,NYJ,37,RB,15,14,19,16,89,0,3.0,16,1.0,73,4.6,1.8,1,16.0,0,0.0,0.0,86.2,34.2
237,DarrellHenderson,LAR,23,RB,15,11,24,16,159,1,8.0,-1,-0.1,160,10.0,0.7,3,5.3,0,0.0,1.0,81.8,16.8
238,MackHollins,MIA,27,wr,16,2,25,16,176,1,7.0,147,9.2,29,1.8,9.6,0,,2,8.0,0.0,98.1,240.0
239,CarlosHyde,SEA,30,,10,1,20,16,93,0,4.0,-15,-0.9,108,6.8,2.4,0,,0,0.0,0.0,86.0,48.0
240,TyJohnson,2TM,23,,13,1,21,16,99,1,6.0,-30,-1.9,129,8.1,2.4,1,16.0,0,0.0,,101.1,50.4
241,RaheemMostert,SFO,28,rb,8,8,19,16,156,1,5.0,20,1.3,136,8.5,1.1,1,16.0,0,0.0,0.0,118.4,20.9
242,KeeSeanJohnson,ARI,24,wr,8,1,23,15,173,0,7.0,123,8.2,50,3.3,10.9,0,,1,4.3,0.0,87.8,250.7
243,LeSeanMcCoy,TAM,32,,10,0,19,15,101,0,3.0,-1,-0.1,102,6.8,1.0,0,,2,10.5,0.0,88.8,19.0
244,VanceMcDonald,PIT,30,TE,14,12,20,15,99,0,4.0,20,1.3,79,5.3,1.9,3,5.0,1,5.0,0.0,85.2,38.0
245,AdamTrautman,NOR,23,te,15,6,16,15,171,1,9.0,54,3.6,117,7.8,4.0,2,7.5,0,0.0,0.0,132.0,64.0
246,NickBoyle,BAL,27,te,9,9,17,14,113,2,8.0,69,4.9,44,3.1,5.1,0,,0,0.0,0.0,133.6,86.7
247,NoahBrown,DAL,24,wr,16,1,24,14,154,0,6.0,107,7.6,47,3.4,10.3,0,,0,0.0,0.0,77.4,247.2
248,PharaohBrown,HOU,26,te,13,9,16,14,163,2,9.0,87,6.2,76,5.4,7.9,4,3.5,0,0.0,0.0,148.7,126.4
249,ChrisHogan,NYJ,33,,5,4,26,14,118,0,6.0,78,5.6,40,2.9,10.0,1,14.0,0,0.0,1.0,49.8,260.0
250,DeSeanJackson,PHI,34,wr,5,5,26,14,236,1,10.0,171,12.2,65,4.6,16.6,0,,2,7.7,1.0,81.6,431.6
251,JesseJames,DET,26,te,16,7,22,14,129,2,6.0,53,3.8,76,5.4,5.4,1,14.0,0,0.0,2.0,72.0,118.8
252,MarcusJohnson,IND,26,wr,11,3,28,14,255,0,11.0,206,14.7,49,3.5,17.4,0,,2,7.1,1.0,66.8,487.2
253,OlabisiJohnson,MIN,23,wr,16,3,19,14,189,0,9.0,140,10.0,49,3.5,11.3,2,7.0,0,0.0,1.0,83.0,214.7
254,ZayJones,LVR,25,wr,16,2,20,14,154,1,6.0,89,6.4,65,4.6,7.1,2,7.0,2,10.0,1.0,88.3,142.0
255,ZackMoss,BUF,23,,13,0,18,14,95,1,5.0,8,0.6,87,6.2,1.8,3,4.7,0,0.0,0.0,107.2,32.4
256,DonovanPeoples-Jones,CLE,21,wr,12,2,20,14,304,2,10.0,227,16.2,77,5.5,16.6,0,,1,5.0,0.0,145.8,332.0
257,AudenTate,CIN,23,wr,9,2,22,14,150,0,9.0,92,6.6,58,4.1,9.4,1,14.0,0,0.0,0.0,83.5,206.8
258,NickVannett,DEN,27,TE,15,11,21,14,95,1,6.0,31,2.2,64,4.6,4.4,0,,0,0.0,1.0,72.5,92.4
259,JamalAgnew,DET,25,wr,14,2,20,13,89,0,4.0,-12,-0.9,101,7.8,4.9,2,6.5,1,5.0,0.0,74.8,98.0
260,ChristianBlake,ATL,24,,16,0,18,13,141,0,6.0,115,8.8,26,2.0,9.6,0,,1,5.6,0.0,94.9,172.8
261,RyanIzzo,NWE,25,TE,12,12,20,13,199,0,6.0,131,10.1,68,5.2,10.3,1,13.0,2,10.0,1.0,76.9,206.0
262,AlexanderMattison,MIN,22,rb,13,2,15,13,125,1,5.0,17,1.3,108,8.3,2.7,5,2.6,0,0.0,0.0,123.6,40.5
263,ByronPringle,KAN,27,wr,13,3,17,13,160,1,9.0,92,7.1,68,5.2,10.2,2,6.5,0,0.0,0.0,124.6,173.4
264,FreddieSwain,SEA,22,wr,16,1,21,13,159,2,6.0,58,4.5,101,7.8,10.7,0,,0,0.0,0.0,117.0,224.7
265,MikeThomas,CIN,26,,14,0,21,13,132,1,7.0,104,8.0,28,2.2,8.6,1,13.0,2,9.5,0.0,95.7,180.6
266,JeffWilson,SFO,25,rb,12,3,28,13,133,3,8.0,22,1.7,111,8.5,1.8,0,,5,17.9,1.0,81.4,50.4
267,JasonWitten,LVR,38,te,16,7,17,13,69,2,8.0,49,3.8,20,1.5,5.4,0,,0,0.0,0.0,121.9,91.8
268,CameronBatson,TEN,25,wr,12,1,13,12,100,1,7.0,57,4.8,43,3.6,6.2,0,,0,0.0,0.0,124.4,80.6
269,AlexErickson,CIN,28,wr,16,2,17,12,139,0,5.0,72,6.0,67,5.6,7.2,0,,0,0.0,1.0,70.5,122.4
270,RoyceFreeman,DEN,24,,16,0,13,12,81,0,4.0,18,1.5,63,5.3,1.7,0,,0,0.0,0.0,92.6,22.1
271,AlecIngold,LVR,24,fb,16,4,17,12,110,1,9.0,22,1.8,88,7.3,4.5,3,4.0,2,11.8,0.0,107.5,76.5
272,TylerJohnson,TAM,22,wr,14,3,17,12,169,2,9.0,97,8.1,72,6.0,9.9,1,12.0,0,0.0,0.0,141.5,168.3
273,TylerKroft,BUF,28,,10,4,16,12,119,3,9.0,75,6.3,44,3.7,7.6,0,,1,6.3,1.0,109.1,121.6
274,JeremyMcNichols,TEN,25,,16,0,17,12,55,0,0.0,4,0.3,51,4.3,0.5,0,,1,5.9,0.0,74.4,8.5
275,AdrianPeterson,DET,35,rb,16,10,18,12,101,0,4.0,-2,-0.2,103,8.6,-0.3,1,12.0,3,16.7,0.0,81.0,-5.4
276,BrandonPowell,ATL,25,,15,1,18,12,69,2,5.0,35,2.9,34,2.8,4.6,0,,1,5.6,0.0,110.6,82.8
277,AdamShaheen,MIA,26,te,16,5,22,12,150,3,9.0,45,3.8,105,8.8,4.3,4,3.0,0,0.0,0.0,115.5,94.6
278,JaceSternberger,GNB,24,,12,0,15,12,114,1,6.0,48,4.0,66,5.5,6.9,0,,1,6.7,0.0,120.6,103.5
279,JordanWilkins,IND,26,,15,0,16,12,105,0,3.0,-38,-3.2,143,11.9,-0.8,1,12.0,1,6.3,0.0,91.9,-12.8
280,SalvonAhmed,MIA,22,rb,6,4,14,11,61,0,2.0,-10,-0.9,71,6.5,-0.5,0,,1,7.1,0.0,84.8,-7.0
281,CamAkers,LAR,21,rb,13,5,14,11,123,1,4.0,32,2.9,91,8.3,4.2,3,3.7,1,7.1,0.0,127.1,58.8
282,BlakeBell,DAL,29,te,16,2,15,11,110,0,7.0,62,5.6,48,4.4,5.1,1,11.0,0,0.0,0.0,93.7,76.5
283,CJBoard,NYG,27,wr,14,4,16,11,101,0,6.0,68,6.2,33,3.0,9.4,0,,0,0.0,0.0,85.7,150.4
284,BryanEdwards,LVR,22,wr,12,3,15,11,193,1,9.0,113,10.3,80,7.3,8.5,2,5.5,0,0.0,0.0,137.5,127.5
285,TylerErvin,GNB,27,,8,0,15,11,84,0,6.0,0,0.0,84,7.6,-1.0,0,,1,6.7,0.0,86.5,-15.0
286,KhaDarelHodge,CLE,25,,9,0,17,11,180,0,11.0,157,14.3,23,2.1,16.4,0,,0,0.0,1.0,75.6,278.8
287,OJHoward,TAM,26,te,4,1,19,11,146,2,8.0,129,11.7,17,1.5,11.9,1,11.0,1,5.3,0.0,117.4,226.1
288,AlbertOkwuegbunam,DEN,22,,4,0,15,11,121,1,6.0,48,4.4,73,6.6,7.7,1,11.0,0,0.0,0.0,119.0,115.5
289,LaMicalPerine,NYJ,22,,10,0,15,11,63,0,3.0,-4,-0.4,67,6.1,1.7,0,,1,6.7,0.0,80.7,25.5
290,SamajePerine,CIN,25,rb,16,1,12,11,66,0,4.0,-23,-2.1,89,8.1,-1.8,3,3.7,0,0.0,0.0,89.6,-21.6
291,KeithSmith,ATL,28,fb,16,7,15,11,59,0,4.0,15,1.4,44,4.0,1.9,0,,1,6.7,0.0,79.6,28.5
292,KennyStills,HOU,28,,10,0,19,11,144,1,8.0,127,11.5,17,1.5,12.5,0,,3,15.8,1.0,77.5,237.5
293,DeMichaelHarris,IND,22,,7,0,10,10,79,0,3.0,16,1.6,63,6.3,1.6,0,,0,0.0,0.0,99.6,16.0
294,JohnHightower,PHI,24,wr,13,4,29,10,167,0,5.0,110,11.0,57,5.7,22.6,0,,3,10.3,5.0,15.2,655.4
295,PatrickLaird,MIA,25,,16,0,12,10,68,0,3.0,28,2.8,40,4.0,2.6,1,10.0,0,0.0,0.0,90.3,31.2
296,MarcedesLewis,GNB,36,TE,15,15,17,10,107,3,6.0,50,5.0,57,5.7,6.5,0,,4,23.5,0.0,116.9,110.5
297,DareOgunbowale,JAX,26,rb,14,2,20,10,54,0,4.0,-9,-0.9,63,6.3,0.9,0,,2,10.0,1.0,35.4,18.0
298,DonaldParham,LAC,23,te,13,5,20,10,159,3,8.0,103,10.3,56,5.6,8.8,0,,0,0.0,0.0,116.5,176.0
299,BennySnell,PIT,22,rb,16,3,14,10,61,0,3.0,-27,-2.7,88,8.8,-1.9,2,5.0,0,0.0,1.0,50.0,-26.6
300,TrentTaylor,SFO,26,wr,12,1,21,10,86,0,5.0,43,4.3,43,4.3,5.6,0,,0,0.0,1.0,39.0,117.6
301,MattBreida,MIA,25,rb,12,1,10,9,96,0,5.0,0,0.0,96,10.7,-0.1,1,9.0,0,0.0,0.0,106.7,-1.0
302,GusEdwards,BAL,25,rb,16,6,13,9,129,0,4.0,36,4.0,93,10.3,3.8,2,4.5,0,0.0,0.0,101.1,49.4
303,RyanGriffin,NYJ,30,te,15,6,12,9,86,0,4.0,37,4.1,49,5.4,5.3,0,,1,8.3,0.0,94.4,63.6
304,TravisHomer,SEA,22,,9,0,10,9,90,1,4.0,-2,-0.2,92,10.2,0.2,1,9.0,0,0.0,0.0,137.5,2.0
305,DevineOzigbo,JAX,24,,8,0,9,9,42,0,3.0,3,0.3,39,4.3,0.3,1,9.0,0,0.0,0.0,86.1,2.7
306,MalcolmPerry,MIA,23,rb,9,2,13,9,92,1,4.0,59,6.6,33,3.7,8.8,0,,1,7.7,0.0,114.9,114.4
307,KalifRaymond,TEN,26,,15,3,15,9,187,0,7.0,149,16.6,38,4.2,17.5,0,,2,13.3,1.0,76.3,262.5
308,PatrickRicard,BAL,26,fb,15,10,12,9,45,1,3.0,0,0.0,45,5.0,0.1,2,4.5,1,8.3,0.0,108.0,1.2
309,JaylenSamuels,PIT,24,rb,14,1,14,9,46,0,2.0,-10,-1.1,56,6.2,-0.2,0,,3,21.4,0.0,69.3,-2.8
310,RodneySmith,CAR,24,rb,7,1,11,9,59,0,1.0,13,1.4,46,5.1,1.5,0,,1,9.1,0.0,89.0,16.5
311,GeoffSwaim,TEN,27,wr,10,8,12,9,83,1,6.0,48,5.3,35,3.9,6.6,0,,1,8.3,0.0,121.2,79.2
312,AmeerAbdullah,MIN,27,,16,0,9,8,58,2,4.0,-5,-0.6,63,7.9,-0.6,0,,0,0.0,0.0,133.1,-5.4
313,StephenAnderson,LAC,27,te,16,3,11,8,106,0,7.0,26,3.3,80,10.0,4.0,2,4.0,0,0.0,0.0,102.8,44.0
314,DarrellDaniels,ARI,26,te,12,8,11,8,92,1,4.0,35,4.4,57,7.1,6.1,1,8.0,1,9.1,0.0,127.8,67.1
315,TroyFumagalli,DEN,25,,8,0,15,8,80,1,6.0,20,2.5,60,7.5,7.3,0,,0,0.0,3.0,51.4,109.5
316,CJHam,MIN,27,FB,15,11,13,8,97,1,6.0,22,2.8,75,9.4,3.3,0,,2,15.4,0.0,110.1,42.9
317,JoshHill,NOR,30,te,14,7,10,8,46,1,4.0,9,1.1,37,4.6,4.5,1,8.0,0,0.0,0.0,119.2,45.0
318,TaysomHill,NOR,30,wr,16,8,12,8,98,1,4.0,63,7.9,35,4.4,7.6,0,,1,8.3,0.0,119.4,91.2
319,JakobJohnson,NWE,26,FB,16,11,9,8,35,1,3.0,15,1.9,20,2.5,1.7,0,,0,0.0,0.0,119.9,15.3
320,RyanNall,CHI,25,,16,0,9,8,67,1,5.0,20,2.5,47,5.9,2.2,1,8.0,0,0.0,0.0,134.7,19.8
321,TroymainePope,LAC,27,,6,0,10,8,42,0,1.0,-2,-0.3,44,5.5,-1.6,1,8.0,1,10.0,0.0,84.2,-16.0
322,CJUzomah,CIN,27,te,2,2,11,8,87,1,6.0,57,7.1,30,3.8,8.5,0,,1,9.1,0.0,125.9,93.5
323,MaxxWilliams,ARI,26,te,9,8,10,8,102,1,4.0,36,4.5,66,8.3,3.8,1,8.0,0,0.0,1.0,102.9,38.0
324,DevontaFreeman,NYG,28,,5,4,10,7,58,0,1.0,-12,-1.7,70,10.0,-1.4,0,,2,20.0,0.0,84.6,-14.0
325,DemetriusHarris,CHI,29,te,15,5,14,7,45,0,2.0,20,2.9,25,3.6,6.6,0,,2,14.3,1.0,27.4,92.4
326,JamycalHasty,SFO,24,,8,0,8,7,33,0,0.0,-14,-2.0,47,6.7,-2.4,0,,0,0.0,0.0,83.9,-19.2
327,KJHill,LAC,23,,15,0,11,7,73,0,2.0,55,7.9,18,2.6,7.2,0,,2,18.2,0.0,82.8,79.2
328,PhillipLindsay,DEN,26,rb,11,8,14,7,28,0,1.0,-11,-1.6,39,5.6,-0.4,2,3.5,2,14.3,0.0,56.2,-5.6
329,AustinMack,NYG,23,wr,11,1,11,7,91,0,5.0,54,7.7,37,5.3,8.3,1,7.0,1,9.1,0.0,89.6,91.3
330,SonyMichel,NWE,25,rb,9,6,9,7,114,1,5.0,4,0.6,110,15.7,-0.2,1,7.0,0,0.0,0.0,155.8,-1.8
331,JaydonMickens,TAM,26,,10,0,10,7,58,0,6.0,27,3.9,31,4.4,7.3,0,,0,0.0,0.0,84.6,73.0
332,FosterMoreau,LVR,23,te,16,2,9,7,140,2,5.0,89,12.7,51,7.3,12.1,0,,0,0.0,0.0,158.3,108.9
333,EquanimeousStBrown,GNB,24,wr,12,1,13,7,117,1,6.0,58,8.3,59,8.4,12.1,1,7.0,2,15.4,0.0,110.1,157.3
334,LukeStocker,ATL,32,TE,16,13,11,7,63,0,4.0,11,1.6,52,7.4,1.9,0,,1,9.1,0.0,79.0,20.9
335,DarwinThompson,KAN,23,rb,14,1,11,7,65,1,3.0,-23,-3.3,88,12.6,-2.6,2,3.5,1,9.1,0.0,110.0,-28.6
336,QuezWatkins,PHI,22,,6,0,13,7,106,1,4.0,48,6.9,58,8.3,9.5,0,,2,15.4,0.0,106.6,123.5
337,JustinWatson,TAM,24,wr,11,2,11,7,94,0,5.0,75,10.7,19,2.7,9.6,0,,0,0.0,2.0,51.1,105.6
338,DeonYelder,KAN,25,,14,1,11,7,36,0,2.0,6,0.9,30,4.3,5.2,0,,0,0.0,0.0,68.7,57.2
339,JoshAdams,NYJ,24,,8,0,8,6,29,0,2.0,5,0.8,24,4.0,0.1,0,,0,0.0,0.0,79.7,0.8
340,SaquonBarkley,NYG,23,rb,2,2,9,6,60,0,3.0,5,0.8,55,9.2,3.8,1,6.0,1,11.1,0.0,85.4,34.2
341,DezBryant,BAL,32,,6,0,11,6,47,2,3.0,13,2.2,34,5.7,4.7,0,,1,9.1,0.0,104.9,51.7
342,ParrisCampbell,IND,23,wr,2,2,9,6,71,0,4.0,53,8.8,18,3.0,11.9,0,,0,0.0,1.0,50.9,107.1
343,TyrieCleveland,DEN,23,,10,0,9,6,63,0,4.0,45,7.5,18,3.0,8.8,1,6.0,0,0.0,0.0,86.8,79.2
344,TarikCohen,CHI,25,,3,0,9,6,41,0,1.0,-20,-3.3,61,10.2,1.7,1,6.0,1,11.1,0.0,76.6,15.3
345,RiverCracraft,SFO,26,wr,9,1,9,6,41,0,2.0,30,5.0,11,1.8,6.4,1,6.0,1,11.1,0.0,76.6,57.6
346,MarkIngram,BAL,31,rb,11,9,8,6,50,0,2.0,1,0.2,49,8.2,1.5,1,6.0,0,0.0,0.0,90.6,12.0
347,AlshonJeffery,PHI,30,,7,2,13,6,115,1,5.0,90,15.0,25,4.2,13.2,0,,1,7.7,1.0,71.0,171.6
348,NickKeizer,KAN,25,,16,3,9,6,63,0,2.0,23,3.8,40,6.7,9.0,0,,1,11.1,0.0,86.8,81.0
349,ChrisManhertz,CAR,28,TE,16,12,8,6,52,0,1.0,19,3.2,33,5.5,4.0,1,6.0,1,12.5,0.0,91.7,32.0
350,AnthonyMcFarland,PIT,21,,11,0,9,6,54,0,1.0,7,1.2,47,7.8,2.6,2,3.0,1,11.1,0.0,82.6,23.4
351,LaquonTreadwell,ATL,25,,5,0,7,6,49,2,4.0,36,6.0,13,2.2,5.6,1,6.0,0,0.0,0.0,135.4,39.2
352,JavonWims,CHI,26,wr,13,1,12,6,48,1,4.0,44,7.3,4,0.7,14.8,0,,0,0.0,0.0,88.2,177.6
353,AlexArmah,CAR,26,,16,1,9,5,18,0,1.0,-2,-0.4,20,4.0,0.2,0,,3,33.3,0.0,60.9,1.8
354,TavonAustin,GNB,30,,4,0,5,5,20,0,1.0,-22,-4.4,42,8.4,-4.4,0,,0,0.0,0.0,83.3,-22.0
355,JaMarcusBradley,CLE,24,wr,3,1,11,5,60,0,2.0,49,9.8,11,2.2,11.5,0,,0,0.0,0.0,62.7,126.5
356,CethanCarter,CIN,25,te,15,5,7,5,53,0,3.0,43,8.6,10,2.0,7.7,0,,1,14.3,0.0,93.2,53.9
357,CoreyClement,PHI,26,,15,0,6,5,25,0,2.0,-7,-1.4,32,6.4,-1.7,0,,1,16.7,0.0,84.0,-10.2
358,PharohCooper,CAR,25,wr,16,1,8,5,73,0,3.0,38,7.6,35,7.0,9.9,0,,0,0.0,0.0,92.2,79.2
359,DamienHarris,NWE,23,rb,10,10,7,5,52,0,4.0,-3,-0.6,55,11.0,-0.4,0,,0,0.0,1.0,53.0,-2.8
360,JusticeHill,BAL,23,,12,0,5,5,20,0,0.0,-7,-1.4,27,5.4,-1.4,0,,0,0.0,0.0,83.3,-7.0
361,StevenMitchell,HOU,26,wr,6,1,8,5,60,0,3.0,50,10.0,10,2.0,13.8,0,,0,0.0,0.0,85.4,110.4
362,GabeNabers,LAC,23,fb,16,5,7,5,25,2,2.0,2,0.4,23,4.6,0.9,0,,2,28.6,0.0,116.1,6.3
363,GunnerOlszewski,NWE,24,wr,13,2,5,5,62,1,3.0,27,5.4,35,7.0,5.4,1,5.0,0,0.0,0.0,157.9,27.0
364,CJProsise,HOU,26,,10,0,5,5,18,1,1.0,-8,-1.6,26,5.2,-1.6,0,,0,0.0,0.0,121.2,-8.0
365,MyColePruitt,TEN,28,te,11,4,8,5,49,2,4.0,36,7.2,13,2.6,8.4,0,,1,12.5,0.0,119.3,67.2
366,TheoRiddick,LVR,29,,4,0,6,5,43,0,1.0,10,2.0,33,6.6,1.7,0,,0,0.0,0.0,96.5,10.2
367,DarriusShepherd,GNB,25,,8,0,8,5,46,0,1.0,28,5.6,18,3.6,15.0,0,,0,0.0,0.0,78.1,120.0
368,TrentSherfield,ARI,24,wr,15,1,7,5,50,0,2.0,23,4.6,27,5.4,11.7,0,,0,0.0,1.0,51.8,81.9
369,MalikTaylor,GNB,25,wr,15,1,6,5,66,1,4.0,19,3.8,47,9.4,6.7,0,,0,0.0,0.0,152.1,40.2
370,LevineToilolo,NYG,29,te,16,2,6,5,46,0,3.0,20,4.0,26,5.2,4.3,0,,0,0.0,0.0,98.6,25.8
371,KeShawnVaughn,TAM,23,,10,0,10,5,34,1,2.0,11,2.2,23,4.6,2.4,0,,3,30.0,0.0,91.2,24.0
372,DeAndreWashington,2TM,27,,4,1,10,5,30,0,2.0,7,1.4,23,4.6,2.6,0,,0,0.0,,56.2,26.0
373,TrayveonWilliams,CIN,23,,10,0,5,5,30,0,1.0,-11,-2.2,41,8.2,-2.2,2,2.5,0,0.0,0.0,91.7,-11.0
374,JJArcega-Whiteside,PHI,24,,8,0,8,4,85,0,4.0,74,18.5,11,2.8,15.1,0,,1,12.5,1.0,48.4,120.8
375,PeytonBarber,WAS,26,rb,16,2,7,4,12,0,1.0,1,0.3,11,2.8,0.1,0,,1,14.3,0.0,62.2,0.7
376,KhariBlasingame,TEN,24,fb,15,7,5,4,39,0,2.0,5,1.3,34,8.5,1.0,0,,1,20.0,0.0,99.2,5.0
377,MichaelBurton,NOR,28,fb,15,4,4,4,28,0,1.0,6,1.5,22,5.5,1.5,0,,0,0.0,0.0,95.8,6.0
378,TevinColeman,SFO,27,rb,8,1,5,4,34,0,2.0,13,3.3,21,5.3,2.6,1,4.0,0,0.0,0.0,95.0,13.0
379,JuwanJohnson,NOR,24,wr,7,4,10,4,39,0,3.0,19,4.8,20,5.0,7.3,0,,1,10.0,0.0,51.7,73.0
380,JoshMalone,NYJ,24,,4,0,6,4,16,0,1.0,8,2.0,8,2.0,2.8,0,,1,16.7,0.0,70.1,16.8
381,JohnnyMundt,LAR,26,te,16,1,4,4,53,0,1.0,8,2.0,45,11.3,1.8,2,2.0,0,0.0,0.0,118.7,7.2
382,DantePettis,2TM,25,,7,1,6,4,76,1,3.0,70,17.5,6,1.5,18.3,0,,0,0.0,,149.3,109.8
383,DamionRatley,NYG,25,,5,0,10,4,63,0,2.0,53,13.3,10,2.5,7.8,0,,0,0.0,0.0,61.7,78.0
384,RileyRidley,CHI,24,wr,5,1,4,4,39,0,3.0,36,9.0,3,0.8,9.0,0,,0,0.0,0.0,107.3,36.0
385,AndreRoberts,BUF,32,,15,0,5,4,34,0,2.0,29,7.3,5,1.3,9.6,0,,1,20.0,1.0,55.4,48.0
386,SethRoberts,CAR,29,,7,1,6,4,31,0,2.0,9,2.3,22,5.5,7.3,1,4.0,0,0.0,0.0,79.2,43.8
387,LeeSmith,BUF,33,te,10,2,6,4,35,2,3.0,15,3.8,20,5.0,3.7,0,,0,0.0,0.0,121.5,22.2
388,JonathanWilliams,DET,26,,5,0,4,4,21,0,2.0,-2,-0.5,23,5.8,-0.5,0,,0,0.0,0.0,88.5,-2.0
389,DeontayBurnett,PHI,23,,2,0,4,3,19,0,1.0,15,5.0,4,1.3,3.8,0,,0,0.0,0.0,84.4,15.2
390,TrentonCannon,CAR,26,,14,0,3,3,16,0,1.0,3,1.0,13,4.3,1.0,1,3.0,0,0.0,0.0,88.9,3.0
391,AustinCarr,NOR,27,,6,0,4,3,27,1,3.0,16,5.3,11,3.7,8.0,0,,0,0.0,0.0,132.3,32.0
392,AshtonDulin,IND,23,,13,0,6,3,53,0,2.0,25,8.3,28,9.3,5.2,0,,0,0.0,0.0,80.6,31.2
393,TedGinn,CHI,35,,6,0,6,3,40,0,1.0,30,10.0,10,3.3,20.2,0,,0,0.0,0.0,71.5,121.2
394,TerryGodwin,JAX,24,,3,0,6,3,32,0,2.0,29,9.7,3,1.0,11.7,0,,1,16.7,0.0,66.0,70.2
395,JaedenGraham,ATL,25,,16,0,5,3,25,0,1.0,11,3.7,14,4.7,3.6,0,,1,20.0,0.0,72.9,18.0
396,VirgilGreen,LAC,32,te,6,3,6,3,50,1,2.0,27,9.0,23,7.7,11.8,0,,1,16.7,0.0,118.1,70.8
397,TannerHudson,TAM,26,,11,0,7,3,41,0,3.0,29,9.7,12,4.0,15.4,0,,0,0.0,0.0,62.2,107.8
398,LilJordanHumphrey,NOR,22,wr,3,1,5,3,46,1,3.0,36,12.0,10,3.3,10.6,1,3.0,0,0.0,1.0,90.4,53.0
399,DErnestJohnson,CLE,24,,16,0,4,3,14,0,0.0,2,0.7,12,4.0,0.0,0,,1,25.0,0.0,79.2,0.0
400,DaltonKeene,NWE,21,,6,0,5,3,16,0,,15,5.0,1,0.3,8.8,0,,0,0.0,0.0,65.4,44.0
401,MarlonMack,IND,24,rb,1,1,3,3,30,0,1.0,-1,-0.3,31,10.3,-0.3,0,,0,0.0,0.0,108.3,-0.9
402,TyMontgomery,NOR,27,rb,6,1,6,3,27,0,1.0,-6,-2.0,33,11.0,1.7,0,,1,16.7,0.0,62.5,10.2
403,AlfredMorris,NYG,32,,9,0,4,3,19,1,2.0,2,0.7,17,5.7,1.0,1,3.0,0,0.0,0.0,124.0,4.0
404,EricSaubert,JAX,26,,8,4,4,3,16,0,,9,3.0,7,2.3,3.3,0,,0,0.0,1.0,41.7,13.2
405,DiontaeSpencer,DEN,28,,11,0,6,3,26,0,1.0,14,4.7,12,4.0,5.5,0,,0,0.0,0.0,61.8,33.0
406,CourtlandSutton,DEN,25,wr,1,1,6,3,66,0,2.0,59,19.7,7,2.3,17.7,0,,1,16.7,1.0,50.0,106.2
407,KahaleWarring,HOU,23,,7,0,7,3,35,0,2.0,27,9.0,8,2.7,8.3,0,,1,14.3,0.0,58.6,58.1
408,NickWestbrook-Ikhine,TEN,23,wr,14,1,8,3,33,0,3.0,28,9.3,5,1.7,10.3,0,,0,0.0,1.0,10.9,82.4
409,CharlieWoerner,SFO,23,,14,0,4,3,36,0,2.0,11,3.7,25,8.3,2.5,1,3.0,0,0.0,0.0,102.1,10.0
410,BrandonZylstra,CAR,27,wr,16,2,4,3,35,0,3.0,20,6.7,15,5.0,13.8,0,,0,0.0,0.0,101.0,55.2
411,DevinAsiasi,NWE,23,te,9,3,7,2,39,1,2.0,33,16.5,6,3.0,9.6,0,,1,14.3,0.0,89.9,67.2
412,ReggieBonnafon,CAR,24,,2,0,2,2,18,1,2.0,-2,-1.0,20,10.0,-1.0,0,,0,0.0,0.0,143.7,-2.0
413,MikeBoone,MIN,25,,16,0,2,2,10,0,0.0,-7,-3.5,17,8.5,-3.5,0,,0,0.0,0.0,87.5,-7.0
414,DanielBrown,NYJ,28,te,16,1,2,2,31,0,2.0,10,5.0,21,10.5,5.0,0,,0,0.0,0.0,118.7,10.0
415,JakeButt,DEN,25,,5,1,4,2,5,0,,3,1.5,2,1.0,1.8,0,,1,25.0,0.0,56.2,7.2
416,JasonCabinda,DET,24,mlb,16,2,3,2,8,0,1.0,2,1.0,6,3.0,-1.3,0,,0,0.0,1.0,30.6,-3.9
417,LawrenceCager,NYJ,23,wr,2,1,6,2,35,0,2.0,21,10.5,14,7.0,14.0,0,,0,0.0,2.0,14.6,84.0
418,AntonioCallaway,MIA,23,wr,5,1,4,2,20,0,1.0,17,8.5,3,1.5,7.0,0,,0,0.0,0.0,64.6,28.0
419,ChandlerCox,MIA,24,,8,3,2,2,9,0,1.0,2,1.0,7,3.5,1.0,0,,0,0.0,0.0,85.4,2.0
420,DominiqueDafney,GNB,23,te,5,2,2,2,26,1,2.0,16,8.0,10,5.0,8.0,0,,0,0.0,0.0,158.3,16.0
421,AJDillon,GNB,22,,11,0,2,2,21,0,1.0,5,2.5,16,8.0,2.5,1,2.0,0,0.0,0.0,110.4,5.0
422,DarryntonEvans,TEN,22,,5,0,4,2,27,1,2.0,-2,-1.0,29,14.5,-0.5,0,,0,0.0,0.0,111.5,-2.0
423,RobertFoster,WAS,26,wr,4,2,6,2,37,0,2.0,5,2.5,32,16.0,14.0,1,2.0,1,16.7,0.0,55.6,84.0
424,DauriceFountain,IND,25,,5,0,3,2,23,0,2.0,23,11.5,0,0.0,9.3,0,,0,0.0,0.0,89.6,27.9
425,BennieFowler,NOR,29,,5,0,6,2,11,0,1.0,10,5.0,1,0.5,7.8,0,,1,16.7,1.0,2.8,46.8
426,ReggieGilliam,BUF,23,,14,0,2,2,16,1,2.0,8,4.0,8,4.0,4.0,0,,0,0.0,0.0,139.6,8.0
427,AndyJanovich,CLE,27,fb,14,3,5,2,13,0,1.0,1,0.5,12,6.0,1.8,1,2.0,2,40.0,0.0,47.9,9.0
428,LamarMiller,CHI,29,,1,0,2,2,6,0,1.0,2,1.0,4,2.0,1.0,0,,0,0.0,0.0,79.2,2.0
429,CamNewton,NWE,31,QB,15,15,2,2,35,1,2.0,17,8.5,18,9.0,8.5,0,,0,0.0,0.0,158.3,17.0
430,ColbyParkinson,SEA,21,,6,0,2,2,16,0,2.0,11,5.5,5,2.5,5.5,1,2.0,0,0.0,0.0,100.0,11.0
431,ElijhaaPenny,NYG,27,,14,0,3,2,20,0,1.0,4,2.0,16,8.0,1.3,0,,0,0.0,0.0,85.4,3.9
432,JohnRoss,CIN,25,wr,3,1,7,2,17,0,1.0,14,7.0,3,1.5,12.0,0,,1,14.3,0.0,39.6,84.0
433,IsaiahZuber,NWE,23,,4,0,2,2,29,0,1.0,-1,-0.5,30,15.0,-0.5,1,2.0,0,0.0,0.0,118.7,-1.0
434,JoshAllen,BUF,24,QB,16,16,1,1,12,1,1.0,-5,-5.0,17,17.0,-5.0,1,1.0,0,0.0,0.0,156.2,-5.0
435,MarcusBaugh,WAS,26,te,8,1,1,1,2,0,,0,0.0,2,2.0,0.0,0,,0,0.0,0.0,79.2,0.0
436,LeVanteBellamy,DEN,24,,5,0,1,1,5,0,,0,0.0,5,5.0,0.0,0,,0,0.0,0.0,87.5,0.0
437,NickBellore,SEA,31,,16,0,1,1,9,0,1.0,3,3.0,6,6.0,3.0,0,,0,0.0,0.0,104.2,3.0
438,HunterBryant,DET,22,,5,0,3,1,44,0,1.0,32,32.0,12,12.0,22.3,0,,0,0.0,0.0,81.9,66.9
439,StephenCarlson,CLE,24,te,16,2,2,1,11,0,1.0,0,0.0,11,11.0,0.0,0,,0,0.0,0.0,66.7,0.0
440,DerekCarrier,LVR,30,,16,0,1,1,14,0,1.0,-4,-4.0,18,18.0,-4.0,1,1.0,0,0.0,0.0,118.7,-4.0
441,DeAndreCarter,2TM,27,,13,0,2,1,8,0,,4,4.0,4,4.0,8.0,0,,1,50.0,,60.4,16.0
442,AlexCollins,SEA,26,rb,3,1,2,1,4,0,0.0,3,3.0,1,1.0,5.5,0,,0,0.0,0.0,56.2,11.0
443,JasonCroom,PHI,26,,4,0,1,1,3,1,1.0,3,3.0,0,0.0,3.0,0,,0,0.0,0.0,118.7,3.0
444,AndyDalton,DAL,33,qb,11,9,1,1,-3,0,0.0,-7,-7.0,4,4.0,-7.0,0,,0,0.0,0.0,79.2,-7.0
445,JosiahDeguara,GNB,23,te,2,1,2,1,12,0,1.0,1,1.0,11,11.0,12.0,0,,0,0.0,0.0,68.7,24.0
446,GehrigDieter,KAN,27,,4,0,2,1,10,0,1.0,5,5.0,5,5.0,7.5,0,,0,0.0,0.0,64.6,15.0
447,BrandonDillon,MIN,23,,3,0,1,1,6,0,,5,5.0,1,1.0,5.0,0,,0,0.0,0.0,91.7,5.0
448,BenEllefson,JAX,24,te,7,4,4,1,10,0,1.0,7,7.0,3,3.0,11.3,0,,1,25.0,1.0,0.0,45.2
449,EricFisher,KAN,29,LT,15,15,1,1,2,1,1.0,1,1.0,1,1.0,1.0,0,,0,0.0,0.0,118.7,1.0
450,RyanFitzpatrick,MIA,38,qb,9,7,1,1,0,0,0.0,-4,-4.0,4,4.0,-4.0,0,,0,0.0,0.0,79.2,-4.0
451,DOntaForeman,TEN,24,,6,0,1,1,5,1,1.0,2,2.0,3,3.0,2.0,0,,0,0.0,0.0,127.1,2.0
452,DJFoster,ARI,27,,10,0,1,1,7,0,1.0,4,4.0,3,3.0,4.0,0,,0,0.0,0.0,95.8,4.0
453,AntonioGandy-Golden,WAS,22,wr,6,2,7,1,3,0,0.0,2,2.0,1,1.0,11.3,0,,1,14.3,0.0,39.6,79.1
454,CullenGillaspia,HOU,25,,7,0,1,1,6,0,,-2,-2.0,8,8.0,-2.0,0,,0,0.0,0.0,91.7,-2.0
455,PennyHart,SEA,24,,13,0,1,1,3,0,0.0,-1,-1.0,4,4.0,-1.0,0,,0,0.0,0.0,79.2,-1.0
456,TemarrickHemingway,WAS,27,,8,0,2,1,10,0,1.0,4,4.0,6,6.0,3.5,0,,0,0.0,0.0,64.6,7.0
457,DontrellHilliard,2TM,25,,7,0,1,1,2,0,0.0,0,0.0,2,2.0,0.0,0,,0,0.0,,79.2,0.0
458,CodyHollister,TEN,27,,2,0,1,1,12,0,1.0,10,10.0,2,2.0,10.0,0,,0,0.0,0.0,116.7,10.0
459,JordanHoward,2TM,26,,7,4,1,1,-3,0,0.0,-3,-3.0,0,0.0,-4.0,0,,0,0.0,,79.2,-4.0
460,BuddyHowell,HOU,24,,14,0,2,1,3,0,0.0,-4,-4.0,7,7.0,9.5,0,,1,50.0,0.0,56.2,19.0
461,JasonHuntley,PHI,22,,5,0,2,1,0,0,0.0,-1,-1.0,1,1.0,-0.5,0,,0,0.0,0.0,56.2,-1.0
462,JalenHurts,PHI,22,qb,15,4,1,1,3,0,0.0,-6,-6.0,9,9.0,-6.0,1,1.0,0,0.0,0.0,79.2,-6.0
463,TrentonIrwin,CIN,25,,1,0,2,1,5,0,,4,4.0,1,1.0,6.0,0,,1,50.0,0.0,56.2,12.0
464,BlakeJarwin,DAL,26,te,1,1,1,1,12,0,1.0,12,12.0,0,0.0,12.0,0,,0,0.0,0.0,116.7,12.0
465,MarcusKemp,2TM,25,,11,0,1,1,11,0,1.0,1,1.0,10,10.0,1.0,0,,0,0.0,,112.5,1.0
466,AdrianKillins,PHI,22,,1,0,1,1,2,0,,-4,-4.0,6,6.0,-4.0,0,,0,0.0,0.0,79.2,-4.0
467,KeithKirkwood,CAR,26,,1,0,2,1,13,0,,4,4.0,9,9.0,16.0,1,1.0,0,0.0,0.0,70.8,32.0
468,JakeKumerow,BUF,28,,6,0,1,1,22,1,1.0,22,22.0,0,0.0,22.0,0,,0,0.0,0.0,158.3,22.0
469,KendallLamm,CLE,28,t,15,1,1,1,1,1,1.0,1,1.0,0,0.0,1.0,0,,0,0.0,0.0,118.7,1.0
470,TommyleeLewis,NOR,28,,5,0,3,1,5,0,0.0,5,5.0,0,0.0,12.7,0,,1,33.3,0.0,42.4,38.1
471,BobbyMassie,CHI,31,rt,8,8,1,1,4,0,1.0,3,3.0,1,1.0,3.0,0,,0,0.0,0.0,83.3,3.0
472,BakerMayfield,CLE,25,QB,16,16,1,1,6,0,1.0,5,5.0,1,1.0,5.0,0,,0,0.0,0.0,91.7,5.0
473,BruceMiller,JAX,33,fb,8,5,2,1,2,0,1.0,-1,-1.0,3,3.0,-1.5,0,,1,50.0,0.0,56.2,-3.0
474,GardnerMinshew,JAX,24,qb,9,8,1,1,0,0,0.0,-8,-8.0,8,8.0,-8.0,0,,0,0.0,0.0,79.2,-8.0
475,DonteMoncrief,NWE,27,,6,0,2,1,15,0,1.0,1,1.0,14,14.0,2.5,0,,0,0.0,0.0,75.0,5.0
476,IsaacNauta,DET,23,,7,0,2,1,3,0,,3,3.0,0,0.0,1.5,0,,0,0.0,0.0,56.2,3.0
477,SiranNeal,BUF,26,,16,0,1,1,13,0,1.0,10,10.0,3,3.0,10.0,0,,0,0.0,0.0,118.7,10.0
478,ScottiePhillips,HOU,23,,8,0,1,1,7,0,,3,3.0,4,4.0,3.0,0,,0,0.0,0.0,95.8,3.0
479,DakPrescott,DAL,27,qb,5,5,1,1,11,1,1.0,10,10.0,1,1.0,10.0,0,,0,0.0,0.0,152.1,10.0
480,JamesProche,BAL,24,,14,0,3,1,14,0,1.0,6,6.0,8,8.0,4.0,0,,0,0.0,2.0,9.7,12.0
481,CraigReynolds,JAX,24,,2,0,1,1,3,0,,1,1.0,2,2.0,1.0,0,,0,0.0,0.0,79.2,1.0
482,AaronRodgers,GNB,37,QB,16,16,1,1,-6,0,0.0,-4,-4.0,-2,-2.0,-4.0,0,,0,0.0,0.0,79.2,-4.0
483,JaleelScott,NYJ,25,wr,1,1,1,1,16,0,1.0,13,13.0,3,3.0,13.0,0,,0,0.0,0.0,118.7,13.0
484,AnthonySherman,KAN,32,rb,13,1,2,1,5,1,1.0,-2,-2.0,7,7.0,4.0,0,,1,50.0,0.0,95.8,8.0
485,VyncintSmith,NYJ,24,,7,0,3,1,13,0,1.0,12,12.0,1,1.0,13.0,0,,0,0.0,0.0,47.9,39.0
486,JeremySprinkle,WAS,26,te,16,6,3,1,6,0,,3,3.0,3,3.0,2.0,0,,1,33.3,0.0,42.4,6.0
487,RyanTannehill,TEN,32,QB,16,16,1,1,0,0,0.0,0,0.0,0,0.0,0.0,0,,0,0.0,0.0,79.2,0.0
488,JJTaylor,NWE,22,,6,0,2,1,4,0,0.0,-4,-4.0,8,8.0,-3.5,0,,1,50.0,0.0,56.2,-7.0
489,JordanThomas,2TM,24,,6,0,2,1,3,1,1.0,3,3.0,0,0.0,7.5,0,,0,0.0,,95.8,15.0
490,ColinThompson,CAR,27,te,15,4,2,1,7,1,1.0,7,7.0,0,0.0,3.0,0,,0,0.0,0.0,97.9,6.0
491,ZekeTurner,ARI,24,,16,0,1,1,26,0,1.0,14,14.0,12,12.0,14.0,0,,0,0.0,0.0,118.7,14.0
492,AustinWalter,SFO,24,,4,0,1,1,27,0,1.0,-6,-6.0,33,33.0,-6.0,0,,0,0.0,0.0,118.7,-6.0
493,JonathanWard,ARI,23,,14,0,1,1,11,1,1.0,-4,-4.0,15,15.0,-4.0,0,,0,0.0,0.0,152.1,-4.0
494,TrevonWesco,NYJ,25,te,12,4,2,1,5,0,,5,5.0,0,0.0,3.5,0,,0,0.0,0.0,56.2,7.0
495,DedeWestbrook,JAX,27,,2,0,1,1,4,0,,4,4.0,0,0.0,4.0,0,,0,0.0,0.0,83.3,4.0
496,AntonioWilliams,BUF,23,,1,0,1,1,20,0,1.0,4,4.0,16,16.0,4.0,0,,0,0.0,0.0,118.7,4.0
497,LukeWillson,2TM,30,,8,0,3,1,12,0,,10,10.0,2,2.0,4.3,0,,0,0.0,,46.5,12.9
498,TJYeldon,BUF,27,,3,0,4,1,22,1,1.0,22,22.0,0,0.0,3.5,0,,1,25.0,0.0,89.6,14.0
