,Player,Tm,Age,Pos,G,GS,Att,Yds,1D,YBC,YBC/Att,YAC,YAC/Att,BrkTkl,Att/Br,TD,Lng,Y/A,Y/G,Fmb,Team,1,2,3,4,5,6,7,8,9,10,11,12,13,14,15,16,17,TTL,AVG,Rec,ReceivingYds
0,DerrickHenry,TEN,26,RB,16,16,378,2027,98.0,954,2.5,1073,2.8,34,11.1,17.0,94.0,5.4,126.7,3.0,TEN,61.0,44.0,56.0,bye,34,45,42,33,29,38,55,46.0,40,42.0,43.0,39.0,58.0,705.0,44.1,19.0,114.0
1,DalvinCook,MIN,25,RB,14,14,312,1557,91.0,801,2.6,756,2.4,33,9.5,16.0,70.0,5.0,111.2,5.0,MIN,30.0,43.0,48.0,49,36,0,bye,46,38,59,52,46.0,79,54.0,52.0,37.0,0.0,669.0,47.8,44.0,361.0
2,JoshJacobs,LVR,22,RB,15,15,273,1065,61.0,525,1.9,540,2.0,20,13.7,12.0,28.0,3.9,71.0,2.0,LV,49.0,53.0,35.0,52,45,bye,32,48,29,43,44,38.0,0,29.0,52.0,32.0,38.0,619.0,41.3,33.0,238.0
3,DavidMontgomery,CHI,23,RB,15,14,247,1070,59.0,480,1.9,590,2.4,29,8.5,8.0,80.0,4.3,71.3,1.0,CHI,29.0,35.0,46.0,53,51,56,0,59,50,0,bye,58.0,52,40.0,56.0,60.0,62.0,707.0,50.5,54.0,438.0
4,EzekielElliott,DAL,25,RB,15,15,244,979,62.0,458,1.9,521,2.1,15,16.3,6.0,31.0,4.0,65.3,6.0,DAL,63.0,63.0,80.0,63,54,54,38,62,48,bye,46,39.0,50,32.0,0.0,37.0,48.0,777.0,51.8,52.0,338.0
5,JamesRobinson,JAX,22,RB,14,14,240,1070,54.0,455,1.9,615,2.6,16,15.0,7.0,47.0,4.5,76.4,3.0,JAC,35.0,38.0,30.0,52,43,19,57,bye,50,53,41,63.0,60,40.0,36.0,0.0,0.0,617.0,44.1,49.0,344.0
6,KenyanDrake,ARI,26,RB,15,13,239,955,59.0,549,2.3,406,1.7,16,14.9,10.0,69.0,4.0,63.7,3.0,ARI,58.0,50.0,44.0,37,50,42,34,bye,0,38,33,41.0,29,44.0,34.0,52.0,29.0,615.0,41.0,25.0,137.0
7,JonathanTaylor,IND,21,RB,15,13,232,1169,69.0,690,3.0,479,2.1,15,15.5,11.0,62.0,5.0,77.9,1.0,IND,27.0,49.0,24.0,33,31,37,bye,26,21,17,46,0.0,33,34.0,38.0,40.0,55.0,511.0,34.1,36.0,299.0
8,MelvinGordon,DEN,27,rb,15,10,215,986,46.0,530,2.5,456,2.1,16,13.4,9.0,65.0,4.6,65.7,4.0,DEN,37.0,61.0,39.0,56,bye,0,46,36,44,40,34,35.0,35,28.0,34.0,51.0,51.0,627.0,41.8,32.0,158.0
9,AaronJones,GNB,26,RB,14,14,201,1104,52.0,512,2.5,592,2.9,14,14.4,9.0,77.0,5.5,78.9,2.0,GB,42.0,35.0,44.0,33,bye,36,0,0,40,41,30,38.0,40,47.0,56.0,25.0,32.0,539.0,38.5,47.0,355.0
10,KareemHunt,CLE,25,rb,16,5,198,841,44.0,376,1.9,465,2.3,18,11.0,6.0,33.0,4.2,52.6,2.0,CLE,37.0,20.0,29.0,26,51,30,47,42,bye,38,36,28.0,35,39.0,21.0,35.0,35.0,549.0,34.3,38.0,304.0
11,ToddGurley,ATL,26,RB,15,15,195,678,45.0,329,1.7,349,1.8,19,10.3,9.0,35.0,3.5,45.2,2.0,ATL,37.0,48.0,35.0,38,36,46,52,36,44,bye,23,0.0,22,19.0,16.0,27.0,28.0,507.0,33.8,25.0,164.0
12,RonaldJones,TAM,23,RB,14,13,192,978,48.0,394,2.1,584,3.0,10,19.2,7.0,98.0,5.1,69.9,2.0,TB,33.0,21.0,35.0,49,49,36,31,17,16,47,25,21.0,bye,34.0,0.0,0.0,36.0,450.0,32.1,28.0,165.0
13,NickChubb,CLE,25,RB,12,12,190,1067,56.0,556,2.9,511,2.7,21,9.0,12.0,59.0,5.6,88.9,1.0,CLE,35.0,36.0,34.0,14,0,0,0,0,bye,28,30,41.0,36,44.0,38.0,47.0,27.0,410.0,34.2,16.0,150.0
14,FrankGore,NYJ,37,RB,15,14,187,653,32.0,279,1.5,374,2.0,8,23.4,2.0,17.0,3.5,43.5,1.0,NYJ,14.0,37.0,26.0,37,23,25,16,22,23,bye,35,32.0,2,17.0,40.0,31.0,0.0,380.0,25.3,16.0,89.0
15,AlvinKamara,NOR,25,rb,15,10,187,932,58.0,526,2.8,406,2.2,19,9.8,16.0,49.0,5.0,62.1,1.0,NO,45.0,41.0,41.0,47,58,bye,51,58,37,39,32,31.0,48,45.0,40.0,45.0,0.0,658.0,43.9,83.0,756.0
16,ClydeEdwards-Helaire,KAN,21,RB,13,13,181,803,39.0,419,2.3,384,2.1,15,12.1,4.0,31.0,4.4,61.8,0.0,KC,46.0,48.0,52.0,0,43,49,27,33,25,bye,40,47.0,0,46.0,45.0,0.0,0.0,501.0,41.8,36.0,297.0
17,AntonioGibson,WAS,22,rb,14,10,170,795,40.0,447,2.6,348,2.0,20,8.5,11.0,40.0,4.7,56.8,2.0,WAS,18.0,43.0,25.0,31,30,27,33,bye,25,33,33,45.0,4,0.0,0.0,21.0,37.0,405.0,28.9,36.0,247.0
18,JamesConner,PIT,25,RB,13,11,169,721,42.0,385,2.3,336,2.0,17,9.9,6.0,59.0,4.3,55.5,2.0,PIT,15.0,50.0,53.0,bye,47,44,66,31,32,64,52,0.0,0,23.0,0.0,42.0,43.0,562.0,43.2,35.0,215.0
19,MikeDavis,CAR,27,RB,15,12,165,642,38.0,244,1.5,398,2.4,21,7.9,6.0,25.0,3.9,42.8,1.0,CAR,3.0,24.0,39.0,55,54,60,33,46,26,25,52,37.0,bye,49.0,37.0,40.0,0.0,580.0,38.7,59.0,373.0
20,MilesSanders,PHI,23,RB,12,11,164,867,39.0,497,3.0,370,2.3,9,18.2,6.0,82.0,5.3,72.3,4.0,PHI,0.0,55.0,71.0,48,50,29,0,0,bye,48,41,43.0,35,56.0,69.0,57.0,0.0,602.0,50.2,28.0,197.0
21,LamarJackson,BAL,23,QB,15,15,159,1005,56.0,800,5.0,205,1.3,8,19.9,7.0,50.0,6.3,67.0,10.0,BAL,53.0,65.0,56.0,47,62,73,bye,82,64,66,65,0.0,55,49.0,55.0,68.0,57.0,917.0,61.1,,
22,AdrianPeterson,DET,35,rb,16,10,156,604,34.0,346,2.2,258,1.7,11,14.2,7.0,38.0,3.9,37.8,0.0,DET,24.0,15.0,39.0,27,bye,12,18,12,20,7,17,22.0,32,16.0,16.0,6.0,15.0,298.0,18.6,12.0,101.0
23,DevinSingletary,BUF,23,RB,16,16,156,687,40.0,238,1.5,449,2.9,9,17.3,2.0,51.0,4.4,42.9,1.0,BUF,51.0,34.0,55.0,54,46,40,40,28,31,34,bye,25.0,62,30.0,39.0,35.0,18.0,622.0,38.9,38.0,269.0
24,WayneGallman,NYG,26,rb,15,10,147,682,35.0,320,2.2,362,2.5,10,14.7,6.0,60.0,4.6,45.5,1.0,NYG,3.0,0.0,18.0,10,12,4,32,32,44,42,bye,51.0,28,27.0,23.0,32.0,33.0,391.0,26.1,21.0,114.0
25,DavidJohnson,HOU,29,RB,12,12,147,691,38.0,402,2.7,289,2.0,7,21.0,6.0,48.0,4.7,57.6,2.0,HOU,48.0,56.0,45.0,36,45,55,54,bye,7,0,0,0.0,37,0.0,55.0,50.0,62.0,550.0,45.8,33.0,314.0
26,LataviusMurray,NOR,30,ss,15,7,146,656,36.0,363,2.5,293,2.0,4,36.5,4.0,36.0,4.5,43.7,1.0,NO,23.0,16.0,21.0,29,21,bye,23,18,29,24,33,30.0,32,20.0,16.0,29.0,0.0,364.0,24.3,23.0,176.0
27,CamAkers,LAR,21,rb,13,5,145,625,26.0,321,2.2,304,2.1,6,24.2,2.0,61.0,4.3,48.1,1.0,LAR,24.0,3.0,0.0,0,13,1,0,20,bye,18,12,17.0,52,50.0,36.0,0.0,48.0,294.0,24.5,11.0,123.0
28,GusEdwards,BAL,25,rb,16,6,144,723,45.0,334,2.3,389,2.7,11,13.1,6.0,36.0,5.0,45.2,1.0,BAL,15.0,20.0,13.0,22,25,33,bye,26,24,15,13,27.0,18,16.0,27.0,34.0,19.0,347.0,21.7,9.0,129.0
29,MylesGaskin,MIA,23,rb,10,7,142,584,27.0,297,2.1,287,2.0,6,23.7,3.0,26.0,4.1,58.4,2.0,MIA,40.0,49.0,46.0,47,42,39,bye,43,0,0,0,0.0,50,0.0,0.0,48.0,51.0,455.0,45.5,41.0,388.0
30,ChrisCarson,SEA,26,RB,12,12,141,681,43.0,375,2.7,306,2.2,10,14.1,5.0,29.0,4.8,56.8,1.0,SEA,28.0,40.0,45.0,35,31,bye,15,0,0,0,0,25.0,42,33.0,40.0,40.0,30.0,404.0,33.7,37.0,287.0
31,DarrellHenderson,LAR,23,RB,15,11,138,624,40.0,342,2.5,282,2.0,8,17.3,5.0,40.0,4.5,41.6,0.0,LAR,5.0,29.0,34.0,22,29,32,0,18,bye,23,33,20.0,17,7.0,7.0,31.0,0.0,307.0,21.9,16.0,159.0
32,DamienHarris,NWE,23,rb,10,10,137,691,30.0,429,3.1,262,1.9,12,11.4,2.0,41.0,5.0,69.1,1.0,NE,0.0,0.0,0.0,0,bye,12,21,20,28,32,26,34.0,33,22.0,0.0,0.0,0.0,228.0,25.3,5.0,52.0
33,CamNewton,NWE,31,QB,15,15,137,592,55.0,411,3.0,181,1.3,4,34.3,12.0,49.0,4.3,39.5,6.0,NE,64.0,72.0,69.0,0,bye,57,32,65,81,58,69,53.0,58,45.0,55.0,33.0,65.0,876.0,58.4,2.0,35.0
34,JKDobbins,BAL,22,rb,15,1,134,805,38.0,411,3.1,394,2.9,7,19.1,9.0,72.0,6.0,53.7,2.0,BAL,24.0,20.0,24.0,21,18,30,bye,54,36,29,41,0.0,21,37.0,35.0,35.0,32.0,457.0,30.5,18.0,120.0
35,KylerMurray,ARI,23,QB,16,16,133,819,52.0,691,5.2,128,1.0,5,26.6,11.0,48.0,6.2,51.2,9.0,ARI,82.0,77.0,65.0,57,75,62,83,bye,69,73,67,73.0,64,79.0,68.0,82.0,25.0,1101.0,68.8,,
36,JeffWilson,SFO,25,rb,12,3,126,600,31.0,327,2.6,273,2.2,9,14.0,7.0,34.0,4.8,50.0,2.0,SF,0.0,5.0,23.0,6,15,0,37,0,0,0,bye,25.0,28,39.0,39.0,39.0,55.0,311.0,25.9,13.0,133.0
37,GiovaniBernard,CIN,29,rb,16,10,124,416,23.0,189,1.5,227,1.8,8,15.5,3.0,15.0,3.4,26.0,1.0,CIN,20.0,42.0,18.0,13,16,35,58,47,bye,44,37,38.0,35,17.0,38.0,44.0,16.0,518.0,32.4,47.0,355.0
38,JoeMixon,CIN,24,rb,6,6,119,428,20.0,226,1.9,202,1.7,3,39.7,3.0,34.0,3.6,71.3,1.0,CIN,40.0,46.0,52.0,62,51,39,0,0,bye,0,0,0.0,0,0.0,0.0,0.0,0.0,290.0,48.3,21.0,138.0
39,JamaalWilliams,GNB,25,rb,14,3,119,505,29.0,277,2.3,228,1.9,5,23.8,2.0,25.0,4.2,36.1,0.0,GB,30.0,31.0,19.0,36,bye,32,55,63,0,31,30,33.0,21,20.0,4.0,0.0,12.0,417.0,29.8,31.0,236.0
40,PhillipLindsay,DEN,26,rb,11,8,118,502,19.0,316,2.7,186,1.6,5,23.6,1.0,55.0,4.3,45.6,0.0,DEN,19.0,0.0,0.0,0,bye,40,14,29,28,21,27,14.0,26,29.0,23.0,0.0,0.0,270.0,24.5,7.0,28.0
41,AustinEkeler,LAC,25,rb,10,10,116,530,26.0,273,2.4,257,2.2,13,8.9,1.0,27.0,4.6,53.0,1.0,LAC,50.0,47.0,56.0,3,0,bye,0,0,0,0,0,60.0,43,44.0,41.0,37.0,31.0,412.0,41.2,54.0,403.0
42,DAndreSwift,DET,21,rb,13,4,114,521,31.0,331,2.9,190,1.7,9,12.7,8.0,54.0,4.6,40.1,3.0,DET,34.0,20.0,6.0,23,bye,17,28,38,30,43,0,0.0,0,36.0,42.0,36.0,33.0,386.0,29.7,46.0,357.0
43,ZackMoss,BUF,23,,13,0,112,481,30.0,207,1.8,274,2.4,13,8.6,4.0,31.0,4.3,37.0,0.0,BUF,39.0,28.0,0.0,0,0,13,34,31,38,39,bye,37.0,11,44.0,34.0,36.0,18.0,402.0,30.9,14.0,95.0
44,JoshuaKelley,LAC,23,,14,0,111,354,20.0,184,1.7,170,1.5,7,15.9,2.0,33.0,3.2,25.3,2.0,LAC,18.0,43.0,23.0,30,25,bye,38,21,43,17,11,19.0,3,0.0,5.0,0.0,1.0,297.0,21.2,23.0,148.0
45,BennySnell,PIT,22,rb,16,3,111,368,25.0,160,1.4,208,1.9,6,18.5,4.0,30.0,3.3,23.0,2.0,PIT,29.0,10.0,15.0,bye,15,14,6,0,5,4,10,51.0,33,5.0,51.0,22.0,11.0,281.0,17.6,10.0,61.0
46,RaheemMostert,SFO,28,rb,8,8,104,521,22.0,346,3.3,175,1.7,5,20.8,2.0,80.0,5.0,65.1,1.0,SF,37.0,13.0,0.0,0,31,35,0,0,0,0,bye,29.0,27,40.0,25.0,0.0,0.0,237.0,29.6,16.0,156.0
47,JoshAllen,BUF,24,QB,16,16,102,421,38.0,287,2.8,134,1.3,4,25.5,8.0,24.0,4.1,26.3,9.0,BUF,87.0,61.0,62.0,61,65,53,73,58,68,73,bye,61.0,73,75.0,72.0,57.0,35.0,1034.0,64.6,1.0,12.0
48,MalcolmBrown,LAR,27,,16,0,101,419,25.0,271,2.7,148,1.5,7,14.4,5.0,19.0,4.1,26.2,1.0,LAR,44.0,37.0,34.0,35,26,27,0,57,bye,29,27,25.0,13,6.0,16.0,44.0,23.0,443.0,29.5,23.0,162.0
49,TonyPollard,DAL,23,rb,16,2,101,435,23.0,186,1.8,249,2.5,8,12.6,4.0,42.0,4.3,27.2,0.0,DAL,10.0,8.0,6.0,23,15,32,19,17,23,bye,21,21.0,31,19.0,52.0,33.0,34.0,364.0,22.8,28.0,193.0
50,BrianHill,ATL,25,rb,16,1,100,465,18.0,208,2.1,257,2.6,6,16.7,1.0,62.0,4.7,29.1,2.0,ATL,21.0,15.0,24.0,16,20,21,17,25,19,bye,26,39.0,11,9.0,15.0,19.0,31.0,328.0,20.5,25.0,199.0
51,ChaseEdmonds,ARI,24,rb,16,2,97,448,22.0,261,2.7,187,1.9,10,9.7,1.0,32.0,4.6,28.0,2.0,ARI,28.0,27.0,21.0,21,34,23,50,bye,66,36,36,32.0,37,40.0,36.0,16.0,21.0,524.0,32.8,53.0,402.0
52,LeonardFournette,TAM,25,rb,13,3,97,367,21.0,169,1.7,198,2.0,0,,6.0,46.0,3.8,28.2,0.0,TB,9.0,26.0,25.0,0,1,0,40,51,33,29,36,33.0,bye,0.0,45.0,25.0,30.0,383.0,29.5,36.0,233.0
53,AlexanderMattison,MIN,22,rb,13,2,96,434,24.0,204,2.1,230,2.4,10,9.6,2.0,25.0,4.5,33.4,0.0,MIN,19.0,10.0,16.0,15,43,27,bye,5,16,5,5,12.0,0,0.0,6.0,0.0,50.0,229.0,17.6,13.0,125.0
54,PeytonBarber,WAS,26,rb,16,2,94,258,26.0,144,1.5,114,1.2,4,23.5,4.0,15.0,2.7,16.1,0.0,WAS,29.0,1.0,5.0,5,2,8,23,bye,1,10,14,17.0,24,30.0,13.0,4.0,6.0,192.0,12.0,4.0,12.0
55,DevontaeBooker,LVR,28,rb,16,1,93,423,21.0,236,2.5,187,2.0,5,18.6,3.0,43.0,4.5,26.4,1.0,LV,8.0,11.0,4.0,6,15,bye,15,10,13,26,15,22.0,33,19.0,9.0,15.0,17.0,238.0,14.9,17.0,84.0
56,KalenBallage,2TM,25,,11,2,91,303,25.0,157,1.7,146,1.6,4,22.8,3.0,17.0,3.3,27.5,1.0,Multi,0.0,8.0,19.0,29,0,0,0,0,31,46,55,0.0,27,23.0,21.0,16.0,25.0,300.0,27.3,29.0,166.0
57,DeshaunWatson,HOU,25,QB,16,16,90,444,31.0,331,3.7,113,1.3,7,12.9,3.0,16.0,4.9,27.8,8.0,HOU,59.0,59.0,47.0,65,58,71,68,bye,65,57,61,56.0,64,65.0,69.0,52.0,63.0,979.0,61.2,,
58,NyheimHines,IND,24,rb,16,2,89,380,24.0,224,2.5,156,1.8,8,11.1,3.0,31.0,4.3,23.8,0.0,IND,42.0,9.0,20.0,25,21,21,bye,16,23,39,29,48.0,23,22.0,16.0,29.0,12.0,395.0,24.7,63.0,482.0
59,TaysomHill,NOR,30,wr,16,8,87,457,34.0,356,4.1,101,1.2,3,29.0,8.0,43.0,5.3,28.6,10.0,NO,17.0,14.0,13.0,20,20,bye,10,14,19,22,66,61.0,78,63.0,10.0,24.0,21.0,472.0,29.5,8.0,98.0
60,JDMcKissic,WAS,27,rb,16,7,85,365,25.0,180,2.1,185,2.2,9,9.4,1.0,17.0,4.3,22.8,3.0,WAS,32.0,29.0,34.0,39,27,39,33,bye,45,62,32,28.0,53,41.0,70.0,49.0,28.0,641.0,40.1,80.0,589.0
61,JordanWilkins,IND,26,,15,0,84,308,17.0,148,1.8,160,1.9,10,8.4,1.0,22.0,3.7,20.5,0.0,IND,1.0,17.0,16.0,12,2,4,bye,39,23,14,9,26.0,13,6.0,0.0,0.0,0.0,182.0,12.1,12.0,105.0
62,RussellWilson,SEA,32,QB,16,16,83,513,25.0,489,5.9,24,0.3,0,,2.0,38.0,6.2,32.1,7.0,SEA,62.0,63.0,76.0,63,54,bye,84,68,65,67,66,67.0,72,55.0,57.0,63.0,65.0,1047.0,65.4,,
63,LeVeonBell,2TM,28,,11,4,82,328,21.0,163,2.0,165,2.0,9,9.1,2.0,16.0,4.0,29.8,1.0,Multi,32.0,0.0,0.0,0,46,0,17,17,19,0,20,24.0,33,11.0,31.0,20.0,0.0,270.0,24.5,16.0,138.0
64,CarlosHyde,SEA,30,,10,1,81,356,20.0,172,2.1,184,2.3,4,20.3,4.0,50.0,4.4,35.6,1.0,SEA,22.0,15.0,16.0,0,0,bye,41,0,0,0,46,41.0,18,32.0,10.0,20.0,0.0,261.0,26.1,16.0,93.0
65,JerickMcKinnon,SFO,28,rb,16,4,81,319,16.0,191,2.4,128,1.6,3,27.0,5.0,55.0,3.9,19.9,0.0,SF,19.0,13.0,48.0,67,16,23,12,35,42,44,bye,18.0,2,0.0,14.0,10.0,9.0,372.0,23.3,33.0,253.0
66,BostonScott,PHI,25,rb,16,4,80,374,16.0,220,2.8,154,1.9,10,8.0,1.0,56.0,4.7,23.4,2.0,PHI,38.0,13.0,13.0,9,7,35,55,42,bye,18,27,26.0,16,15.0,15.0,8.0,46.0,383.0,23.9,25.0,212.0
67,SonyMichel,NWE,25,rb,9,6,79,449,19.0,164,2.1,285,3.6,9,8.8,1.0,48.0,5.7,49.9,0.0,NE,19.0,15.0,26.0,0,bye,0,0,0,0,0,0,1.0,22,15.0,23.0,19.0,41.0,181.0,20.1,7.0,114.0
68,DukeJohnson,HOU,27,rb,11,5,77,235,11.0,119,1.5,116,1.5,5,15.4,1.0,23.0,3.1,21.4,3.0,HOU,14.0,0.0,0.0,25,17,19,20,bye,53,54,47,42.0,34,30.0,0.0,0.0,0.0,355.0,32.3,28.0,249.0
69,SalvonAhmed,MIA,22,rb,6,4,75,319,18.0,245,3.3,74,1.0,4,18.8,3.0,31.0,4.3,53.2,0.0,MIA,0.0,0.0,0.0,0,0,0,bye,0,28,44,43,0.0,0,0.0,44.0,15.0,31.0,205.0,34.2,11.0,61.0
70,MarkIngram,BAL,31,rb,11,9,72,299,14.0,173,2.4,126,1.8,6,12.0,2.0,30.0,4.2,27.2,0.0,BAL,21.0,27.0,18.0,14,19,10,bye,0,0,17,6,0.0,11,1.0,0.0,0.0,17.0,161.0,14.6,6.0,50.0
71,RexBurkhead,NWE,30,,10,0,67,274,18.0,178,2.7,96,1.4,5,13.4,3.0,18.0,4.1,27.4,0.0,NE,19.0,51.0,32.0,0,bye,18,25,32,34,20,12,0.0,0,0.0,0.0,0.0,0.0,243.0,27.0,25.0,192.0
72,DanielJones,NYG,23,QB,14,14,65,423,15.0,375,5.8,48,0.7,1,65.0,1.0,80.0,6.5,30.2,11.0,NYG,68.0,65.0,52.0,68,68,48,60,74,77,71,bye,51.0,0,44.0,0.0,64.0,58.0,868.0,62.0,,
73,CordarrellePatterson,CHI,29,wr,16,3,64,232,12.0,136,2.1,96,1.5,6,10.7,1.0,13.0,3.6,14.5,0.0,CHI,10.0,14.0,11.0,11,15,12,0,10,17,25,bye,9.0,17,19.0,6.0,0.0,12.0,188.0,12.5,21.0,132.0
74,LaMicalPerine,NYJ,22,,10,0,64,232,18.0,132,2.1,100,1.6,2,32.0,2.0,20.0,3.6,23.2,0.0,NYJ,0.0,9.0,21.0,10,0,41,40,28,21,bye,11,0.0,0,0.0,0.0,19.0,0.0,200.0,20.0,11.0,63.0
75,JalenHurts,PHI,22,qb,15,4,63,354,25.0,285,4.5,69,1.1,4,15.8,3.0,24.0,5.6,23.6,9.0,PHI,0.0,3.0,3.0,4,2,7,5,2,bye,3,1,2.0,26,69.0,83.0,73.0,50.0,333.0,22.2,1.0,3.0
76,SamajePerine,CIN,25,rb,16,1,63,301,16.0,149,2.4,152,2.4,5,12.6,3.0,46.0,4.8,18.8,0.0,CIN,0.0,0.0,1.0,1,0,3,18,24,bye,16,31,7.0,17,28.0,12.0,29.0,19.0,206.0,12.9,11.0,66.0
77,ItoSmith,ATL,25,,14,0,63,268,8.0,182,2.9,86,1.4,2,31.5,1.0,24.0,4.3,19.1,1.0,ATL,20.0,11.0,6.0,16,9,11,3,0,0,bye,6,28.0,24,25.0,31.0,22.0,13.0,225.0,16.1,17.0,75.0
78,PatrickMahomes,KAN,25,QB,15,15,62,308,22.0,261,4.2,47,0.8,2,31.0,2.0,24.0,5.0,20.5,5.0,KC,69.0,77.0,75.0,0,72,73,41,54,62,bye,78,79.0,64,62.0,98.0,67.0,0.0,971.0,69.4,,
79,MattBreida,MIA,25,rb,12,1,59,254,11.0,162,2.7,92,1.6,2,29.5,0.0,24.0,4.3,21.2,2.0,MIA,14.0,17.0,11.0,17,21,16,bye,8,0,0,7,23.0,0,0.0,18.0,0.0,0.0,152.0,12.7,9.0,96.0
80,JustinJackson,LAC,24,rb,9,4,59,270,15.0,174,2.9,96,1.6,2,29.5,0.0,36.0,4.6,30.0,0.0,LAC,11.0,0.0,0.0,21,42,bye,31,41,3,0,0,0.0,0,11.0,0.0,8.0,22.0,190.0,21.1,19.0,173.0
81,ChristianMcCaffrey,CAR,24,rb,3,3,59,225,14.0,97,1.6,128,2.2,9,6.6,5.0,15.0,3.8,75.0,0.0,CAR,65.0,47.0,0.0,0,0,0,0,0,59,0,0,0.0,bye,0.0,0.0,0.0,0.0,171.0,57.0,17.0,149.0
82,JustinHerbert,LAC,22,QB,15,15,55,234,20.0,177,3.2,57,1.0,2,27.5,5.0,31.0,4.3,15.6,8.0,LAC,0.0,83.0,78.0,53,71,bye,79,87,78,63,82,83.0,72,73.0,66.0,57.0,72.0,1097.0,73.1,,
83,AlfredMorris,NYG,32,,9,0,55,238,13.0,115,2.1,123,2.2,3,18.3,1.0,20.0,4.3,26.4,0.0,NYG,0.0,0.0,0.0,0,0,0,0,21,16,15,bye,8.0,11,6.0,13.0,8.0,13.0,111.0,12.3,3.0,19.0
84,DevontaFreeman,NYG,28,,5,4,54,172,7.0,104,1.9,68,1.3,2,27.0,1.0,14.0,3.2,34.4,0.0,NYG,0.0,0.0,15.0,37,37,35,12,0,0,0,bye,0.0,0,0.0,0.0,0.0,0.0,136.0,27.2,7.0,58.0
85,TyJohnson,2TM,23,,13,1,54,254,11.0,155,2.9,99,1.8,1,54.0,1.0,34.0,4.7,19.5,0.0,Multi,0.0,5.0,0.0,0,0,4,0,6,2,0,14,10.0,39,20.0,22.0,18.0,34.0,174.0,13.4,16.0,99.0
86,BakerMayfield,CLE,25,QB,16,16,54,165,18.0,144,2.7,21,0.4,0,,1.0,28.0,3.1,10.3,8.0,CLE,73.0,58.0,63.0,75,73,42,52,49,bye,65,67,67.0,72,83.0,64.0,81.0,62.0,1046.0,65.4,1.0,6.0
87,TeddyBridgewater,CAR,28,QB,15,15,53,279,18.0,220,4.2,59,1.1,3,17.7,5.0,18.0,5.3,18.6,6.0,CAR,67.0,73.0,51.0,76,65,68,46,48,83,43,0,65.0,bye,67.0,69.0,67.0,39.0,927.0,61.8,,
88,KerryonJohnson,DET,23,rb,16,2,52,181,9.0,116,2.2,65,1.3,3,17.3,2.0,14.0,3.5,11.3,1.0,DET,20.0,19.0,20.0,11,bye,14,14,11,25,9,39,39.0,30,14.0,7.0,11.0,9.0,292.0,18.3,19.0,187.0
89,CarsonWentz,PHI,28,QB,12,12,52,276,25.0,150,2.9,126,2.4,4,13.0,5.0,40.0,5.3,23.0,10.0,PHI,68.0,71.0,91.0,62,59,72,80,63,bye,67,68,70.0,36,0.0,0.0,0.0,0.0,807.0,67.3,,
90,JaredGoff,LAR,26,QB,15,15,51,99,12.0,93,1.8,6,0.1,0,,4.0,10.0,1.9,6.6,7.0,LAR,73.0,69.0,69.0,57,68,60,0,95,bye,70,72,62.0,82,63.0,59.0,75.0,0.0,974.0,69.6,,
91,JeremyMcNichols,TEN,25,,16,0,47,204,8.0,103,2.2,101,2.1,5,9.4,1.0,20.0,4.3,12.8,0.0,TEN,13.0,11.0,9.0,bye,26,29,15,22,16,17,12,18.0,33,22.0,8.0,9.0,11.0,271.0,16.9,12.0,55.0
92,AJDillon,GNB,22,,11,0,46,242,11.0,100,2.2,142,3.1,6,7.7,2.0,30.0,5.3,22.0,0.0,GB,5.0,7.0,0.0,3,bye,10,14,10,0,0,0,0.0,0,0.0,5.0,38.0,5.0,97.0,8.8,2.0,21.0
93,DrewLock,DEN,24,QB,13,13,44,160,13.0,150,3.4,10,0.2,0,,3.0,16.0,3.6,12.3,8.0,DEN,59.0,13.0,0.0,0,bye,64,76,65,73,71,65,0.0,66,61.0,64.0,77.0,81.0,835.0,64.2,,
94,RyanTannehill,TEN,32,QB,16,16,43,266,22.0,221,5.1,45,1.0,0,,7.0,45.0,6.2,16.6,6.0,TEN,81.0,62.0,75.0,bye,66,75,57,62,55,59,70,69.0,73,60.0,65.0,52.0,71.0,1052.0,65.8,1.0,0.0
95,CurtisSamuel,CAR,24,wr,15,5,41,200,10.0,87,2.1,113,2.8,3,13.7,2.0,45.0,4.9,13.3,1.0,CAR,51.0,51.0,33.0,36,48,0,22,41,60,34,48,42.0,bye,53.0,58.0,38.0,44.0,659.0,43.9,77.0,851.0
96,RodneySmith,CAR,24,rb,7,1,41,156,14.0,80,2.0,76,1.9,5,8.2,1.0,13.0,3.8,22.3,1.0,CAR,0.0,0.0,0.0,0,0,0,0,0,0,9,9,15.0,bye,16.0,24.0,21.0,39.0,133.0,19.0,9.0,59.0
97,DerekCarr,LVR,29,QB,16,16,39,140,16.0,130,3.3,10,0.3,1,39.0,3.0,18.0,3.6,8.8,11.0,LV,63.0,80.0,59.0,74,70,bye,65,72,51,72,59,52.0,78,68.0,11.0,64.0,69.0,1007.0,62.9,,
98,JamycalHasty,SFO,24,,8,0,39,148,7.0,105,2.7,43,1.1,0,,1.0,20.0,3.8,18.5,1.0,,,,,,,,,,,,,,,,,,,,,7.0,33.0
99,DarrelWilliams,KAN,25,,16,0,39,169,14.0,104,2.7,65,1.7,0,,1.0,13.0,4.3,10.6,0.0,KC,23.0,10.0,16.0,0,29,23,1,8,18,bye,20,8.0,31,5.0,22.0,47.0,4.0,265.0,17.7,18.0,116.0
100,AaronRodgers,GNB,37,QB,16,16,38,149,15.0,143,3.8,6,0.2,0,,3.0,14.0,3.9,9.3,4.0,GB,75.0,68.0,62.0,62,bye,60,60,74,62,65,60,69.0,61,67.0,62.0,63.0,46.0,1016.0,63.5,1.0,-6.0
101,JoeBurrow,CIN,24,qb,10,10,37,142,14.0,119,3.2,23,0.6,3,12.3,3.0,23.0,3.8,14.2,9.0,CIN,68.0,92.0,71.0,75,67,73,75,73,bye,65,50,0.0,0,0.0,0.0,0.0,0.0,709.0,70.9,,
102,SamDarnold,NYJ,23,QB,12,12,37,217,13.0,145,3.9,72,1.9,1,37.0,2.0,46.0,5.9,18.1,4.0,NYJ,56.0,65.0,64.0,72,0,0,57,57,0,bye,0,55.0,62,53.0,65.0,69.0,63.0,738.0,61.5,,
103,TuaTagovailoa,MIA,22,qb,10,9,36,109,13.0,80,2.2,29,0.8,0,,3.0,17.0,3.0,10.9,1.0,MIA,0.0,0.0,0.0,0,0,5,bye,49,61,58,44,0.0,70,83.0,72.0,46.0,83.0,571.0,57.1,,
104,RoyceFreeman,DEN,24,,16,0,35,170,10.0,94,2.7,76,2.2,2,17.5,0.0,23.0,4.9,10.6,0.0,DEN,6.0,17.0,24.0,14,bye,25,18,0,1,10,4,13.0,4,4.0,7.0,18.0,29.0,194.0,12.1,12.0,81.0
105,JordanHoward,2TM,26,,7,4,35,60,7.0,16,0.5,44,1.3,1,35.0,4.0,11.0,1.7,8.6,1.0,Multi,9.0,8.0,4.0,8,0,0,0,0,21,0,0,0.0,11,0.0,0.0,7.0,0.0,68.0,9.7,1.0,-3.0
106,JamesWhite,NWE,28,,14,0,35,121,6.0,78,2.2,43,1.2,1,35.0,2.0,10.0,3.5,8.6,1.0,NE,20.0,0.0,0.0,0,bye,31,10,31,21,10,39,20.0,19,27.0,27.0,16.0,20.0,291.0,22.4,49.0,375.0
107,DeeJayDallas,SEA,22,rb,12,2,34,108,9.0,47,1.4,61,1.8,2,17.0,2.0,13.0,3.2,9.0,0.0,SEA,0.0,0.0,0.0,11,0,bye,13,54,20,22,7,0.0,12,8.0,0.0,0.0,0.0,147.0,12.3,17.0,111.0
108,DErnestJohnson,CLE,24,,16,0,33,166,7.0,101,3.1,65,2.0,2,16.5,0.0,28.0,5.0,10.4,1.0,CLE,4.0,2.0,0.0,17,22,17,2,6,bye,0,1,3.0,2,0.0,5.0,0.0,0.0,81.0,5.1,3.0,14.0
109,AnthonyMcFarland,PIT,21,,11,0,33,113,4.0,70,2.1,43,1.3,1,33.0,0.0,20.0,3.4,10.3,0.0,PIT,0.0,0.0,10.0,bye,5,10,5,1,8,0,5,14.0,11,0.0,7.0,0.0,13.0,89.0,8.1,6.0,54.0
110,MitchellTrubisky,CHI,26,qb,10,9,33,195,12.0,145,4.4,50,1.5,2,16.5,1.0,45.0,5.9,19.5,6.0,CHI,65.0,65.0,39.0,0,0,0,0,1,0,0,bye,68.0,69,60.0,64.0,64.0,75.0,570.0,57.0,,
111,KirkCousins,MIN,32,QB,16,16,32,156,16.0,141,4.4,15,0.5,1,32.0,1.0,16.0,4.9,9.8,9.0,MIN,52.0,54.0,65.0,66,87,56,bye,52,58,73,64,73.0,91,79.0,68.0,64.0,80.0,1082.0,67.6,,
112,DareOgunbowale,JAX,26,rb,14,2,32,145,6.0,72,2.3,73,2.3,3,10.7,0.0,25.0,4.5,10.4,0.0,JAC,0.0,0.0,5.0,0,0,0,7,bye,3,10,13,0.0,10,22.0,14.0,39.0,63.0,186.0,13.3,10.0,54.0
113,DeAndreWashington,2TM,27,,4,1,31,91,2.0,57,1.8,34,1.1,1,31.0,0.0,16.0,2.9,22.8,0.0,Multi,0.0,0.0,0.0,0,0,0,10,0,0,4,0,34.0,0,39.0,0.0,0.0,0.0,87.0,21.8,5.0,30.0
114,TomBrady,TAM,43,QB,16,16,30,6,6.0,-2,-0.1,8,0.3,1,30.0,3.0,4.0,0.2,0.4,4.0,TB,70.0,61.0,68.0,76,71,55,72,70,49,75,69,59.0,bye,51.0,68.0,43.0,67.0,1024.0,64.0,,
115,RyanFitzpatrick,MIA,38,qb,9,7,30,151,12.0,131,4.4,20,0.7,0,,2.0,17.0,5.0,16.8,2.0,MIA,62.0,75.0,61.0,71,67,51,bye,0,0,0,21,71.0,0,0.0,0.0,17.0,0.0,496.0,55.1,1.0,0.0
116,JoshAdams,NYJ,24,,8,0,29,157,10.0,54,1.9,103,3.6,4,7.3,2.0,25.0,5.4,19.6,0.0,NYJ,13.0,5.0,0.0,0,0,0,0,0,0,bye,0,1.0,19,12.0,1.0,0.0,24.0,75.0,9.4,6.0,29.0
117,DionLewis,NYG,30,,16,0,29,115,7.0,67,2.3,48,1.7,1,29.0,2.0,19.0,4.0,7.2,3.0,NYG,6.0,57.0,20.0,21,20,9,15,21,17,14,bye,22.0,12,16.0,18.0,24.0,12.0,304.0,19.0,19.0,127.0
118,GardnerMinshew,JAX,24,qb,9,8,29,153,10.0,149,5.1,4,0.1,0,,1.0,16.0,5.3,17.0,5.0,JAC,50.0,75.0,66.0,68,75,34,63,bye,0,0,0,0.0,0,39.0,58.0,0.0,0.0,528.0,58.7,1.0,0.0
119,MattRyan,ATL,35,QB,16,16,29,92,8.0,83,2.9,9,0.3,0,,2.0,16.0,3.2,5.8,6.0,ATL,79.0,75.0,68.0,70,65,80,74,70,71,bye,62,69.0,67,57.0,65.0,68.0,72.0,1112.0,69.5,,
120,MatthewStafford,DET,32,QB,16,16,29,112,12.0,107,3.7,5,0.2,0,,0.0,17.0,3.9,7.0,2.0,DET,78.0,59.0,66.0,61,bye,45,61,61,60,59,56,82.0,68,60.0,56.0,4.0,58.0,934.0,58.4,,
121,TevinColeman,SFO,27,rb,8,1,28,53,3.0,6,0.2,47,1.7,3,9.3,0.0,12.0,1.9,6.6,0.0,SF,6.0,30.0,0.0,0,0,0,0,6,0,0,bye,0.0,4,2.0,6.0,7.0,2.0,63.0,7.9,4.0,34.0
122,AndyDalton,DAL,33,qb,11,9,28,114,11.0,101,3.6,13,0.5,0,,0.0,13.0,4.1,10.4,2.0,DAL,0.0,2.0,0.0,0,22,86,45,0,0,bye,66,59.0,79,51.0,58.0,70.0,83.0,621.0,56.5,1.0,-3.0
123,DarwinThompson,KAN,23,rb,14,1,27,97,7.0,54,2.0,43,1.6,1,27.0,1.0,14.0,3.6,6.9,2.0,KC,0.0,15.0,6.0,0,0,3,0,7,0,bye,0,0.0,0,0.0,0.0,0.0,49.0,80.0,6.2,7.0,65.0
124,KeShawnVaughn,TAM,23,,10,0,26,109,5.0,62,2.4,47,1.8,2,13.0,0.0,19.0,4.2,10.9,1.0,TB,0.0,0.0,0.0,19,18,10,0,0,0,0,0,0.0,bye,4.0,10.0,35.0,3.0,99.0,9.9,5.0,34.0
125,TrayveonWilliams,CIN,23,,10,0,26,157,5.0,54,2.1,103,4.0,3,8.7,0.0,55.0,6.0,15.7,1.0,CIN,0.0,0.0,0.0,0,0,0,0,0,bye,5,0,5.0,0,27.0,7.0,6.0,9.0,59.0,5.9,5.0,30.0
126,TravisHomer,SEA,22,,9,0,25,88,2.0,56,2.2,32,1.3,2,12.5,0.0,12.0,3.5,9.8,0.0,SEA,13.0,8.0,16.0,17,23,bye,16,7,31,7,0,0.0,0,0.0,0.0,0.0,0.0,138.0,15.3,9.0,90.0
127,BenRoethlisberger,PIT,38,QB,15,15,25,11,3.0,6,0.2,5,0.2,0,,0.0,11.0,0.4,0.7,5.0,PIT,64.0,65.0,80.0,bye,75,58,79,53,65,69,69,72.0,71,57.0,65.0,68.0,0.0,1010.0,67.3,,
128,RobertWoods,LAR,28,WR,16,16,24,155,9.0,122,5.1,33,1.4,0,,2.0,40.0,6.5,9.7,2.0,LAR,61.0,59.0,67.0,54,59,57,0,88,bye,56,68,62.0,61,49.0,53.0,68.0,72.0,934.0,62.3,90.0,936.0
129,JJTaylor,NWE,22,,6,0,23,110,5.0,51,2.2,59,2.6,1,23.0,0.0,28.0,4.8,18.3,0.0,NE,9.0,1.0,15.0,0,bye,0,0,0,0,0,0,0.0,0,0.0,5.0,16.0,4.0,50.0,8.3,1.0,4.0
130,DOntaForeman,TEN,24,,6,0,22,95,6.0,46,2.1,49,2.2,2,11.0,0.0,15.0,4.3,15.8,0.0,TEN,0.0,0.0,0.0,bye,0,0,0,6,8,9,1,5.0,0,0.0,0.0,0.0,0.0,29.0,4.8,1.0,5.0
131,JalenRichard,LVR,27,,13,0,22,123,7.0,76,3.5,47,2.1,1,22.0,1.0,20.0,5.6,9.5,1.0,LV,7.0,17.0,20.0,16,14,bye,19,14,9,3,0,0.0,32,21.0,3.0,17.0,0.0,192.0,14.8,19.0,138.0
132,CoreyClement,PHI,26,,15,0,21,75,3.0,43,2.0,32,1.5,0,,1.0,7.0,3.6,5.0,0.0,PHI,26.0,3.0,6.0,4,3,7,17,19,bye,1,0,4.0,0,2.0,0.0,1.0,14.0,107.0,7.1,5.0,25.0
133,DwayneHaskins,WAS,23,qb,7,6,20,46,6.0,43,2.2,3,0.2,0,,1.0,19.0,2.3,6.6,6.0,WAS,70.0,66.0,62.0,71,0,0,0,bye,0,0,0,0.0,0,31.0,80.0,46.0,0.0,426.0,60.9,,
134,SaquonBarkley,NYG,23,rb,2,2,19,34,1.0,-1,-0.1,35,1.8,1,19.0,0.0,18.0,1.8,17.0,0.0,NYG,59.0,8.0,0.0,0,0,0,0,0,0,0,bye,0.0,0,0.0,0.0,0.0,0.0,67.0,33.5,6.0,60.0
135,TyMontgomery,NOR,27,rb,6,1,19,101,4.0,68,3.6,33,1.7,0,,0.0,36.0,5.3,16.8,0.0,NO,4.0,6.0,0.0,0,0,bye,0,0,0,0,2,0.0,0,0.0,0.0,16.0,44.0,72.0,12.0,3.0,27.0
136,DrewBrees,NOR,41,QB,12,12,18,-2,4.0,-6,-0.3,4,0.2,0,,2.0,3.0,-0.1,-0.2,6.0,NO,66.0,60.0,59.0,67,72,bye,69,70,60,20,0,0.0,0,0.0,54.0,68.0,52.0,717.0,59.8,,
137,AlexCollins,SEA,26,rb,3,1,18,77,5.0,41,2.3,36,2.0,0,,2.0,13.0,4.3,25.7,0.0,SEA,0.0,0.0,0.0,0,0,bye,0,0,13,32,0,0.0,0,0.0,0.0,0.0,7.0,52.0,17.3,1.0,4.0
138,DakPrescott,DAL,27,qb,5,5,18,93,8.0,65,3.6,28,1.6,2,9.0,3.0,12.0,5.2,18.6,3.0,DAL,72.0,67.0,82.0,82,44,0,0,0,0,bye,0,0.0,0,0.0,0.0,0.0,0.0,347.0,69.4,1.0,11.0
139,PhilipRivers,IND,39,QB,16,16,18,-8,0.0,-10,-0.6,2,0.1,0,,0.0,3.0,-0.4,-0.5,2.0,IND,73.0,73.0,46.0,72,56,63,bye,77,67,69,77,64.0,66,58.0,51.0,69.0,63.0,1044.0,65.3,,
140,LaviskaShenault,JAX,22,WR,14,12,18,91,6.0,50,2.8,41,2.3,1,18.0,0.0,17.0,5.1,6.5,0.0,JAC,32.0,43.0,45.0,37,52,28,47,bye,10,0,0,59.0,25,53.0,43.0,48.0,45.0,567.0,40.5,58.0,600.0
141,JacobyBrissett,IND,28,,11,0,17,19,9.0,8,0.5,11,0.6,0,,3.0,5.0,1.1,1.7,0.0,IND,1.0,0.0,13.0,0,0,0,bye,0,1,1,7,10.0,3,3.0,3.0,1.0,4.0,47.0,4.3,,
142,KyleJuszczyk,SFO,29,FB,16,15,17,64,12.0,35,2.1,29,1.7,0,,2.0,10.0,3.8,4.0,1.0,SF,36.0,29.0,38.0,22,22,22,37,27,23,23,bye,31.0,14,44.0,39.0,30.0,35.0,472.0,29.5,19.0,202.0
143,NickFoles,CHI,31,qb,9,7,16,1,2.0,-2,-0.1,3,0.2,0,,1.0,7.0,0.1,0.1,2.0,CHI,0.0,0.0,43.0,62,63,66,0,69,77,45,bye,0.0,0,0.0,0.0,8.0,0.0,433.0,54.1,,
144,BuddyHowell,HOU,24,,14,0,16,64,2.0,44,2.8,20,1.3,0,,0.0,9.0,4.0,4.6,0.0,HOU,0.0,0.0,0.0,0,0,0,0,bye,5,1,0,4.0,0,23.0,10.0,3.0,1.0,47.0,3.4,1.0,3.0
145,TroymainePope,LAC,27,,6,0,15,76,3.0,49,3.3,27,1.8,0,,0.0,26.0,5.1,12.7,0.0,LAC,0.0,0.0,0.0,0,4,bye,12,25,0,0,16,6.0,0,0.0,0.0,0.0,0.0,63.0,10.5,8.0,42.0
146,TarikCohen,CHI,25,,3,0,14,74,3.0,52,3.7,22,1.6,1,14.0,0.0,17.0,5.3,24.7,0.0,CHI,30.0,21.0,26.0,0,0,0,0,0,0,0,bye,0.0,0,0.0,0.0,0.0,0.0,77.0,25.7,6.0,41.0
147,DarryntonEvans,TEN,22,,5,0,14,54,2.0,29,2.1,25,1.8,0,,0.0,9.0,3.9,10.8,0.0,TEN,0.0,0.0,8.0,bye,5,0,0,0,0,0,0,0.0,0,0.0,13.0,6.0,1.0,33.0,6.6,2.0,27.0
148,BrandonAllen,CIN,28,qb,5,5,13,27,5.0,19,1.5,8,0.6,1,13.0,0.0,4.0,2.1,5.4,1.0,CIN,0.0,0.0,0.0,0,0,0,0,0,bye,0,0,49.0,44,65.0,0.0,76.0,43.0,277.0,55.4,,
149,TimBoyle,GNB,26,,8,0,13,-9,,-9,-0.7,0,0.0,0,,,,,,,GB,2.0,5.0,0.0,1,bye,3,2,0,4,0,0,2.0,0,0.0,0.0,3.0,0.0,22.0,2.8,,
150,TylerErvin,GNB,27,,8,0,13,67,4.0,48,3.7,19,1.5,1,13.0,0.0,21.0,5.2,8.4,0.0,GB,14.0,28.0,23.0,23,bye,0,0,20,22,8,0,0.0,4,0.0,0.0,0.0,0.0,142.0,17.8,11.0,84.0
151,TyreekHill,KAN,26,WR,15,15,13,123,5.0,103,7.9,20,1.5,1,13.0,2.0,32.0,9.5,8.2,1.0,KC,59.0,69.0,60.0,0,63,67,37,50,59,bye,72,68.0,61,57.0,84.0,43.0,0.0,849.0,60.6,87.0,1276.0
152,PatrickLaird,MIA,25,,16,0,13,72,4.0,50,3.8,22,1.7,1,13.0,0.0,17.0,5.5,4.5,1.0,MIA,4.0,3.0,1.0,1,10,6,bye,0,12,10,17,10.0,19,42.0,8.0,0.0,2.0,145.0,9.1,10.0,68.0
153,ReggieBonnafon,CAR,24,,2,0,12,69,4.0,49,4.1,20,1.7,0,,0.0,22.0,5.8,34.5,0.0,CAR,0.0,0.0,2.0,21,0,0,0,0,0,0,0,0.0,bye,0.0,0.0,0.0,0.0,23.0,11.5,2.0,18.0
154,RobertGriffin,BAL,30,,4,1,12,69,4.0,34,2.8,35,2.9,0,,0.0,39.0,5.8,17.3,1.0,BAL,6.0,0.0,0.0,10,1,0,bye,0,0,0,0,44.0,0,0.0,0.0,0.0,0.0,61.0,15.3,,
155,JusticeHill,BAL,23,,12,0,12,60,2.0,35,2.9,25,2.1,1,12.0,0.0,19.0,5.0,5.0,0.0,BAL,0.0,0.0,0.0,0,0,0,bye,2,3,5,7,26.0,6,6.0,6.0,3.0,9.0,73.0,6.1,5.0,20.0
156,AntonioWilliams,BUF,23,,1,0,12,63,4.0,34,2.8,29,2.4,1,12.0,2.0,18.0,5.3,63.0,0.0,BUF,0.0,0.0,0.0,0,0,0,0,0,0,0,bye,0.0,0,0.0,0.0,0.0,28.0,28.0,28.0,1.0,20.0
157,MikeBoone,MIN,25,,16,0,11,59,2.0,23,2.1,36,3.3,4,2.8,1.0,19.0,5.4,3.7,0.0,MIN,1.0,0.0,0.0,0,5,7,bye,0,0,0,0,0.0,2,4.0,0.0,3.0,12.0,34.0,2.1,2.0,10.0
158,RyanFinley,CIN,26,qb,5,1,11,66,4.0,53,4.8,13,1.2,0,,1.0,23.0,6.0,13.2,0.0,CIN,0.0,0.0,1.0,0,0,0,0,0,bye,0,18,0.0,8,7.0,56.0,0.0,0.0,90.0,18.0,,
159,RashaadPenny,SEA,24,,3,0,11,34,1.0,20,1.8,14,1.3,0,,0.0,7.0,3.1,11.3,0.0,SEA,0.0,0.0,0.0,0,0,bye,0,0,0,0,0,0.0,0,0.0,6.0,4.0,28.0,38.0,12.7,,
160,TrentonCannon,CAR,26,,14,0,10,33,2.0,9,0.9,24,2.4,1,10.0,0.0,13.0,3.3,2.4,0.0,CAR,0.0,0.0,0.0,0,2,8,3,0,0,5,4,10.0,bye,2.0,0.0,3.0,6.0,43.0,3.1,3.0,16.0
161,ChaseClaypool,PIT,22,wr,16,6,10,16,4.0,12,1.2,4,0.4,1,10.0,2.0,8.0,1.6,1.0,3.0,PIT,19.0,24.0,61.0,bye,52,51,51,41,56,44,47,45.0,31,38.0,43.0,54.0,35.0,692.0,43.3,62.0,873.0
162,JimmyGaroppolo,SFO,29,qb,6,6,10,25,3.0,19,1.9,6,0.6,1,10.0,0.0,9.0,2.5,4.2,2.0,SF,62.0,32.0,0.0,0,31,73,66,41,0,0,bye,0.0,0,0.0,0.0,0.0,0.0,305.0,50.8,,
163,TylerHuntley,BAL,22,,2,0,10,23,1.0,22,2.2,1,0.1,0,,0.0,19.0,2.3,11.5,0.0,BAL,0.0,0.0,0.0,0,0,0,bye,0,0,0,0,0.0,0,0.0,11.0,0.0,17.0,28.0,14.0,,
164,CeeDeeLamb,DAL,21,WR,16,14,10,82,4.0,52,5.2,30,3.0,0,,1.0,19.0,8.2,5.1,2.0,DAL,59.0,57.0,49.0,62,36,60,31,37,39,bye,44,42.0,48,26.0,33.0,36.0,62.0,721.0,45.1,74.0,935.0
165,LeSeanMcCoy,TAM,32,,10,0,10,31,2.0,23,2.3,8,0.8,0,,0.0,14.0,3.1,3.1,0.0,TB,25.0,11.0,11.0,5,0,19,0,0,0,3,0,1.0,bye,16.0,12.0,13.0,0.0,116.0,11.6,15.0,101.0
166,IsaiahMcKenzie,BUF,25,wr,16,7,10,9,2.0,1,0.1,8,0.8,1,10.0,0.0,14.0,0.9,0.6,0.0,BUF,16.0,7.0,17.0,22,23,7,15,6,5,9,bye,12.0,11,10.0,22.0,32.0,58.0,272.0,17.0,30.0,282.0
167,CJProsise,HOU,26,,10,0,10,19,0.0,13,1.3,6,0.6,0,,0.0,7.0,1.9,1.9,1.0,HOU,0.0,3.0,2.0,0,0,0,0,bye,0,2,15,10.0,0,13.0,0.0,0.0,0.0,45.0,4.5,5.0,18.0
168,AlexSmith,WAS,36,qb,8,6,10,3,0.0,3,0.3,0,0.0,0,,0.0,5.0,0.3,0.4,2.0,WAS,0.0,0.0,0.0,0,29,0,0,bye,44,88,62,69.0,72,32.0,0.0,0.0,63.0,459.0,57.4,,
169,TJYeldon,BUF,27,,3,0,10,70,5.0,36,3.6,34,3.4,0,,0.0,34.0,7.0,23.3,1.0,BUF,0.0,0.0,6.0,8,28,0,0,0,0,0,bye,0.0,0,0.0,0.0,0.0,0.0,42.0,14.0,1.0,22.0
170,LynnBowden,MIA,23,rb,10,4,9,32,3.0,14,1.6,18,2.0,4,2.3,0.0,11.0,3.6,3.2,0.0,MIA,0.0,4.0,0.0,4,10,5,bye,0,0,0,0,22.0,31,59.0,65.0,58.0,78.0,336.0,33.6,28.0,211.0
171,BlaineGabbert,TAM,31,,4,0,9,16,0.0,16,1.8,0,0.0,0,,0.0,16.0,1.8,4.0,1.0,TB,0.0,0.0,0.0,0,0,9,0,0,1,5,0,0.0,bye,0.0,0.0,34.0,0.0,49.0,12.3,,
172,KJHamler,DEN,21,wr,13,4,9,40,2.0,38,4.2,2,0.2,0,,0.0,15.0,4.4,3.1,2.0,DEN,0.0,48.0,58.0,14,bye,0,30,52,55,62,38,28.0,42,37.0,49.0,8.0,0.0,521.0,40.1,30.0,381.0
173,DontrellHilliard,2TM,25,,7,0,9,48,3.0,19,2.1,29,3.2,1,9.0,0.0,19.0,5.3,6.9,0.0,Multi,0.0,0.0,0.0,15,0,7,0,0,0,0,0,0.0,0,0.0,0.0,0.0,0.0,22.0,3.1,1.0,2.0
174,MarcusMariota,LVR,27,,1,0,9,88,8.0,60,6.7,28,3.1,1,9.0,1.0,26.0,9.8,88.0,0.0,LV,0.0,0.0,0.0,0,0,bye,0,0,0,0,0,0.0,0,0.0,65.0,0.0,0.0,65.0,65.0,,
175,ColtMcCoy,NYG,34,qb,4,2,9,12,0.0,11,1.2,1,0.1,0,,0.0,4.0,1.3,3.0,1.0,NYG,0.0,0.0,0.0,0,0,0,0,0,0,0,bye,30.0,56,5.0,54.0,0.0,0.0,145.0,36.3,,
176,NickMullens,SFO,25,qb,10,8,9,8,1.0,7,0.8,1,0.1,0,,0.0,7.0,0.9,0.8,6.0,SF,0.0,29.0,77.0,50,0,0,0,29,57,70,bye,72.0,61,81.0,77.0,0.0,0.0,603.0,60.3,,
177,HenryRuggs,LVR,21,WR,13,12,9,49,3.0,36,4.0,13,1.4,0,,0.0,12.0,5.4,3.8,2.0,LV,42.0,49.0,0.0,0,45,bye,49,54,40,45,32,42.0,63,41.0,0.0,44.0,36.0,582.0,44.8,26.0,452.0
178,JaylenSamuels,PIT,24,rb,14,1,9,28,1.0,14,1.6,14,1.6,0,,0.0,6.0,3.1,2.0,0.0,PIT,20.0,5.0,6.0,bye,2,5,9,8,0,1,0,0.0,27,27.0,7.0,4.0,0.0,121.0,8.6,9.0,46.0
179,AmeerAbdullah,MIN,27,,16,0,8,42,4.0,25,3.1,17,2.1,0,,0.0,13.0,5.3,2.6,0.0,MIN,3.0,1.0,0.0,0,1,18,bye,0,1,3,0,0.0,4,15.0,1.0,11.0,16.0,74.0,4.6,8.0,58.0
180,DavidMoore,SEA,25,wr,16,6,8,61,4.0,40,5.0,21,2.6,1,8.0,0.0,15.0,7.6,3.8,1.0,SEA,33.0,32.0,31.0,22,23,bye,29,20,34,41,37,24.0,45,39.0,21.0,25.0,26.0,482.0,30.1,35.0,417.0
181,DeeboSamuel,SFO,24,wr,7,5,8,26,1.0,9,1.1,17,2.1,0,,0.0,10.0,3.3,3.7,0.0,SF,0.0,0.0,0.0,25,57,60,41,0,0,0,bye,63.0,58,1.0,0.0,0.0,0.0,305.0,43.6,33.0,391.0
182,DwayneWashington,NOR,26,,11,0,8,15,,10,1.3,5,0.6,0,,,,,,,NO,0.0,0.0,0.0,0,0,bye,0,0,8,0,0,3.0,0,0.0,0.0,0.0,0.0,11.0,1.0,,
183,JameisWinston,NOR,26,,4,0,8,-6,0.0,-7,-0.9,1,0.1,0,,0.0,3.0,-0.8,-1.5,0.0,NO,0.0,0.0,0.0,0,0,bye,0,0,10,34,0,3.0,0,0.0,0.0,0.0,7.0,54.0,13.5,,
184,KyleAllen,WAS,24,qb,4,4,7,26,3.0,13,1.9,13,1.9,2,3.5,1.0,13.0,3.7,6.5,1.0,WAS,0.0,0.0,0.0,0,25,73,69,bye,10,0,0,0.0,0,0.0,0.0,0.0,0.0,177.0,44.3,,
185,MichaelBurton,NOR,28,fb,15,4,7,18,6.0,10,1.4,8,1.1,0,,0.0,7.0,2.6,1.2,0.0,NO,17.0,2.0,11.0,20,13,bye,12,11,28,15,13,19.0,14,7.0,8.0,18.0,0.0,208.0,13.9,4.0,28.0
186,RicoDowdle,DAL,22,,15,0,7,24,1.0,13,1.9,11,1.6,0,,0.0,7.0,3.4,1.6,0.0,DAL,0.0,0.0,0.0,1,0,3,0,0,0,bye,0,0.0,0,0.0,8.0,1.0,1.0,14.0,0.9,,
187,ChadHenne,KAN,35,qb,3,1,7,-2,1.0,-2,-0.3,0,0.0,0,,1.0,1.0,-0.3,-0.7,2.0,KC,0.0,0.0,0.0,0,0,0,10,12,0,bye,0,0.0,0,0.0,0.0,0.0,53.0,75.0,25.0,,
188,MasonRudolph,PIT,25,qb,5,1,7,-6,0.0,-6,-0.9,0,0.0,0,,0.0,1.0,-0.9,-1.2,0.0,PIT,0.0,0.0,0.0,bye,0,7,0,0,4,4,6,0.0,0,0.0,0.0,0.0,58.0,79.0,15.8,,
189,JarrettStidham,NWE,24,,5,0,7,7,3.0,7,1.0,0,0.0,0,,0.0,6.0,1.0,1.4,0.0,NE,0.0,0.0,0.0,0,bye,0,20,0,0,0,0,0.0,9,14.0,0.0,17.0,0.0,60.0,15.0,,
190,ChrisThompson,JAX,30,,8,0,7,20,1.0,10,1.4,10,1.4,0,,0.0,5.0,2.9,2.5,0.0,JAC,13.0,31.0,30.0,16,30,15,0,bye,19,1,0,0.0,0,0.0,0.0,0.0,0.0,155.0,19.4,20.0,146.0
191,LoganWoodside,TEN,25,,6,0,7,10,1.0,8,1.1,2,0.3,0,,0.0,18.0,1.4,1.7,0.0,TEN,0.0,0.0,0.0,bye,0,0,0,0,0,6,0,3.0,0,6.0,3.0,3.0,0.0,21.0,3.5,,
192,JamalAgnew,DET,25,wr,14,2,6,33,3.0,31,5.2,2,0.3,0,,0.0,11.0,5.5,2.4,2.0,DET,15.0,9.0,14.0,11,bye,12,12,7,0,0,28,25.0,16,11.0,10.0,12.0,11.0,193.0,13.8,13.0,89.0
193,BrandonAiyuk,SFO,22,WR,12,11,6,77,3.0,36,6.0,41,6.8,1,6.0,2.0,38.0,12.8,6.4,0.0,SF,0.0,44.0,56.0,64,62,62,50,63,0,68,bye,0.0,53,74.0,80.0,52.0,0.0,728.0,60.7,60.0,748.0
194,AlexArmah,CAR,26,,16,1,6,9,5.0,3,0.5,6,1.0,0,,0.0,3.0,1.5,0.6,0.0,CAR,8.0,17.0,7.0,17,10,6,4,3,12,8,13,3.0,bye,4.0,7.0,16.0,10.0,145.0,9.1,5.0,18.0
195,MattBarkley,BUF,30,,5,0,6,-6,0.0,-6,-1.0,0,0.0,0,,0.0,-1.0,-1.0,-1.2,0.0,BUF,0.0,0.0,0.0,0,7,0,0,0,0,0,bye,1.0,0,0.0,1.0,15.0,29.0,53.0,10.6,,
196,CJBeathard,SFO,27,qb,6,2,6,28,1.0,19,3.2,9,1.5,1,6.0,0.0,17.0,4.7,4.7,3.0,SF,0.0,0.0,0.0,23,33,0,0,0,0,1,bye,0.0,0,0.0,7.0,56.0,66.0,186.0,31.0,,
197,AmariCooper,DAL,26,WR,16,15,6,14,1.0,9,1.5,5,0.8,0,,0.0,10.0,2.3,0.9,0.0,DAL,68.0,63.0,65.0,63,42,79,42,59,60,bye,54,50.0,69,42.0,45.0,51.0,81.0,933.0,58.3,92.0,1114.0
198,BenDiNucci,DAL,24,qb,3,1,6,22,2.0,22,3.7,0,0.0,0,,0.0,10.0,3.7,7.3,4.0,DAL,0.0,0.0,0.0,0,0,3,12,79,0,bye,0,0.0,0,0.0,0.0,0.0,0.0,94.0,31.3,,
199,JeffDriskel,DEN,27,qb,3,1,6,28,3.0,18,3.0,10,1.7,0,,0.0,9.0,4.7,9.3,0.0,DEN,0.0,64.0,50.0,1,bye,0,0,0,0,0,0,0.0,0,0.0,0.0,0.0,0.0,115.0,38.3,,
200,EvanEngram,NYG,26,TE,16,14,6,26,1.0,22,3.7,4,0.7,0,,1.0,9.0,4.3,1.6,1.0,NYG,64.0,63.0,44.0,57,55,39,50,61,58,49,bye,78.0,40,42.0,43.0,50.0,44.0,837.0,52.3,63.0,654.0
201,JoeFlacco,NYJ,35,qb,5,4,6,22,3.0,21,3.5,1,0.2,0,,0.0,9.0,3.7,4.4,1.0,NYJ,0.0,0.0,0.0,4,69,71,0,0,46,bye,60,0.0,0,0.0,0.0,0.0,0.0,250.0,50.0,,
202,MikeGlennon,JAX,31,qb,5,5,6,17,2.0,14,2.3,3,0.5,0,,0.0,4.0,2.8,3.4,2.0,JAC,0.0,0.0,0.0,0,0,0,0,bye,0,0,0,65.0,71,32.0,0.0,55.0,65.0,288.0,57.6,,
203,DeMichaelHarris,IND,22,,7,0,6,46,3.0,30,5.0,16,2.7,2,3.0,0.0,19.0,7.7,6.6,0.0,IND,0.0,0.0,0.0,0,0,12,bye,0,16,9,16,11.0,4,0.0,0.0,14.0,0.0,82.0,11.7,10.0,79.0
204,DeonteHarris,NOR,23,wr,9,2,6,51,2.0,36,6.0,15,2.5,1,6.0,0.0,23.0,8.5,5.7,3.0,NO,7.0,31.0,22.0,14,0,bye,20,39,8,21,7,0.0,0,0.0,0.0,0.0,0.0,169.0,18.8,20.0,186.0
205,ElijhaaPenny,NYG,27,,14,0,6,15,4.0,4,0.7,11,1.8,0,,0.0,5.0,2.5,1.1,0.0,NYG,3.0,4.0,2.0,1,3,5,2,3,5,11,bye,14.0,10,2.0,8.0,0.0,0.0,73.0,5.2,2.0,20.0
206,ArtavisPierce,CHI,24,,5,0,6,34,2.0,14,2.3,20,3.3,1,6.0,1.0,23.0,5.7,6.8,0.0,CHI,0.0,0.0,0.0,0,0,0,0,0,1,6,bye,0.0,0,0.0,0.0,5.0,1.0,13.0,2.6,,
207,TheoRiddick,LVR,29,,4,0,6,14,1.0,4,0.7,10,1.7,0,,0.0,11.0,2.3,3.5,0.0,LV,0.0,0.0,0.0,7,0,bye,0,0,0,0,0,0.0,13,0.0,14.0,0.0,14.0,48.0,12.0,5.0,43.0
208,BoScarbrough,SEA,26,,1,0,6,31,1.0,17,2.8,14,2.3,1,6.0,0.0,12.0,5.2,31.0,0.0,SEA,0.0,0.0,0.0,0,0,bye,0,0,0,0,12,0.0,0,0.0,0.0,0.0,0.0,12.0,12.0,,
209,SterlingShepard,NYG,27,WR,12,12,6,49,2.0,39,6.5,10,1.7,0,,1.0,23.0,8.2,4.1,0.0,NYG,53.0,15.0,0.0,0,0,0,46,52,60,58,bye,63.0,27,39.0,38.0,61.0,49.0,561.0,46.8,66.0,656.0
210,TyrodTaylor,LAC,31,qb,2,1,6,7,1.0,6,1.0,1,0.2,0,,0.0,4.0,1.2,3.5,0.0,LAC,74.0,0.0,0.0,0,0,bye,0,0,1,0,0,0.0,0,0.0,0.0,0.0,0.0,75.0,37.5,,
211,JohnWolford,LAR,25,qb,1,1,6,56,4.0,38,6.3,18,3.0,0,,0.0,14.0,9.3,56.0,0.0,LAR,0.0,0.0,0.0,0,0,0,0,0,bye,0,0,0.0,0,0.0,0.0,0.0,73.0,73.0,73.0,,
212,TylerBoyd,CIN,26,wr,15,8,5,49,2.0,48,9.6,1,0.2,0,,0.0,25.0,9.8,3.3,1.0,CIN,55.0,78.0,54.0,58,46,57,60,55,bye,52,56,40.0,24,59.0,11.0,0.0,41.0,746.0,49.7,79.0,841.0
213,AlexErickson,CIN,28,wr,16,2,5,7,0.0,-1,-0.2,8,1.6,0,,0.0,7.0,1.4,0.4,2.0,CIN,4.0,8.0,6.0,7,2,3,0,1,bye,0,5,8.0,19,8.0,28.0,62.0,37.0,198.0,12.4,12.0,139.0
214,CJHam,MIN,27,FB,15,11,5,18,2.0,13,2.6,5,1.0,0,,0.0,10.0,3.6,1.2,0.0,MIN,12.0,12.0,27.0,33,29,9,bye,22,34,35,35,22.0,44,40.0,20.0,0.0,32.0,406.0,27.1,8.0,97.0
215,TeeHiggins,CIN,21,WR,16,14,5,28,1.0,22,4.4,6,1.2,0,,0.0,13.0,5.6,1.8,1.0,CIN,15.0,60.0,57.0,43,54,59,63,57,bye,55,62,45.0,47,65.0,56.0,64.0,3.0,805.0,50.3,67.0,908.0
216,JasonHuntley,PHI,22,,5,0,5,19,1.0,8,1.6,11,2.2,2,2.5,0.0,10.0,3.8,3.8,0.0,PHI,1.0,0.0,0.0,0,0,0,8,2,bye,0,0,0.0,0,0.0,0.0,0.0,20.0,31.0,6.2,1.0,0.0
217,TraceMcSorley,BAL,25,,2,0,5,17,2.0,10,2.0,7,1.4,0,,0.0,9.0,3.4,8.5,0.0,BAL,0.0,0.0,0.0,0,0,0,bye,0,0,0,0,9.0,0,11.0,0.0,0.0,0.0,20.0,10.0,,
218,GunnerOlszewski,NWE,24,wr,13,2,5,23,1.0,18,3.6,5,1.0,0,,0.0,12.0,4.6,1.8,1.0,NE,0.0,0.0,0.0,0,bye,0,4,42,35,0,0,1.0,6,0.0,1.0,0.0,13.0,102.0,8.5,5.0,62.0
219,JoeReed,LAC,22,,11,0,5,29,1.0,12,2.4,17,3.4,2,2.5,1.0,8.0,5.8,2.6,0.0,LAC,3.0,2.0,6.0,0,0,bye,7,2,4,0,0,0.0,0,0.0,0.0,0.0,3.0,27.0,2.5,,
220,CalvinRidley,ATL,26,WR,15,15,5,1,1.0,0,0.0,1,0.2,0,,0.0,8.0,0.2,0.1,1.0,ATL,69.0,63.0,63.0,45,48,59,57,23,0,bye,51,56.0,63,48.0,58.0,54.0,65.0,822.0,54.8,90.0,1374.0
221,BrettRypien,DEN,24,qb,3,1,5,-5,0.0,-5,-1.0,0,0.0,0,,0.0,-1.0,-1.0,-1.7,1.0,DEN,0.0,0.0,13.0,69,bye,0,1,0,0,0,0,0.0,0,0.0,0.0,0.0,0.0,83.0,27.7,,
222,PhillipWalker,CAR,25,qb,4,1,5,-2,0.0,-2,-0.4,0,0.0,0,,0.0,2.0,-0.4,-0.5,1.0,CAR,0.0,0.0,0.0,0,0,0,0,9,0,5,71,0.0,bye,0.0,0.0,0.0,22.0,107.0,26.8,,
223,RobbyAnderson,CAR,27,WR,16,16,4,15,1.0,13,3.3,2,0.5,0,,0.0,11.0,3.8,0.9,1.0,CAR,56.0,54.0,40.0,45,47,59,40,45,69,35,50,53.0,bye,57.0,62.0,52.0,42.0,806.0,50.4,95.0,1096.0
224,CameronBatson,TEN,25,wr,12,1,4,20,2.0,18,4.5,2,0.5,0,,0.0,11.0,5.0,1.7,1.0,TEN,0.0,34.0,45.0,bye,0,20,0,0,13,24,18,23.0,23,21.0,21.0,25.0,17.0,284.0,23.7,12.0,100.0
225,LeVanteBellamy,DEN,24,,5,0,4,11,,8,2.0,3,0.8,0,,,,,,,DEN,0.0,0.0,0.0,0,bye,0,0,0,0,0,0,0.0,0,0.0,0.0,8.0,1.0,9.0,1.8,1.0,5.0
226,DevinDuvernay,BAL,23,wr,16,3,4,70,3.0,47,11.8,23,5.8,0,,0.0,42.0,17.5,4.4,0.0,BAL,11.0,6.0,7.0,16,18,27,bye,37,26,36,13,41.0,44,9.0,4.0,23.0,30.0,348.0,21.8,20.0,201.0
227,MecoleHardman,KAN,22,wr,16,8,4,31,2.0,12,3.0,19,4.8,0,,0.0,20.0,7.8,1.9,2.0,KC,20.0,50.0,29.0,0,51,29,22,45,42,bye,17,24.0,21,19.0,32.0,41.0,32.0,474.0,31.6,41.0,560.0
228,CooperKupp,LAR,27,WR,15,12,4,33,3.0,27,6.8,6,1.5,0,,0.0,16.0,8.3,2.2,1.0,LAR,62.0,59.0,62.0,49,56,55,0,92,bye,37,52,55.0,53,39.0,48.0,60.0,0.0,779.0,55.6,92.0,974.0
229,JarvisLandry,CLE,28,WR,15,14,4,10,2.0,6,1.5,4,1.0,0,,1.0,5.0,2.5,0.7,2.0,CLE,52.0,35.0,45.0,57,56,44,40,38,bye,38,38,41.0,48,76.0,45.0,0.0,46.0,699.0,46.6,72.0,840.0
230,MarlonMack,IND,24,rb,1,1,4,26,2.0,14,3.5,12,3.0,0,,0.0,18.0,6.5,26.0,0.0,IND,11.0,0.0,0.0,0,0,0,bye,0,0,0,0,0.0,0,0.0,0.0,0.0,0.0,11.0,11.0,3.0,30.0
231,Ray-RayMcCloud,PIT,24,wr,16,2,4,65,1.0,39,9.8,26,6.5,0,,0.0,58.0,16.3,4.1,2.0,PIT,0.0,0.0,3.0,bye,18,13,8,22,28,15,20,9.0,5,4.0,4.0,4.0,12.0,165.0,10.3,20.0,77.0
232,DarnellMooney,CHI,23,wr,16,9,4,20,1.0,20,5.0,0,0.0,0,,0.0,16.0,5.0,1.3,1.0,CHI,22.0,39.0,51.0,46,41,44,0,65,67,46,bye,58.0,56,45.0,53.0,53.0,45.0,731.0,48.7,61.0,631.0
233,JalenReagor,PHI,21,WR,11,11,4,26,2.0,24,6.0,2,0.5,0,,0.0,19.0,6.5,2.4,2.0,PHI,40.0,60.0,0.0,0,0,0,0,47,bye,59,63,43.0,44,47.0,46.0,43.0,19.0,511.0,46.5,31.0,396.0
234,KeithSmith,ATL,28,fb,16,7,4,7,4.0,4,1.0,3,0.8,0,,0.0,3.0,1.8,0.4,0.0,ATL,13.0,12.0,19.0,16,9,13,14,17,12,bye,7,20.0,10,16.0,14.0,17.0,13.0,222.0,13.9,11.0,59.0
235,TommyStevens,CAR,24,,1,0,4,24,2.0,20,5.0,4,1.0,0,,0.0,10.0,6.0,24.0,0.0,CAR,0.0,0.0,0.0,0,0,0,0,0,0,0,0,0.0,bye,0.0,0.0,0.0,5.0,5.0,5.0,,
236,ChrisStreveler,ARI,25,,5,0,4,15,2.0,8,2.0,7,1.8,0,,0.0,12.0,3.8,3.0,1.0,ARI,1.0,1.0,0.0,0,0,0,0,bye,0,0,0,0.0,0,0.0,0.0,0.0,28.0,30.0,7.5,,
237,MarquezValdes-Scantling,GNB,26,WR,16,12,4,13,1.0,9,2.3,4,1.0,0,,0.0,9.0,3.3,0.8,1.0,GB,41.0,46.0,57.0,61,bye,53,51,61,59,60,51,56.0,46,47.0,40.0,41.0,22.0,792.0,49.5,33.0,690.0
238,OdellBeckham,CLE,28,wr,7,7,3,72,2.0,18,6.0,54,18.0,0,,1.0,50.0,24.0,10.3,0.0,CLE,56.0,39.0,51.0,58,63,48,2,0,bye,0,0,0.0,0,0.0,0.0,0.0,0.0,317.0,45.3,23.0,319.0
239,BraxtonBerrios,NYJ,25,wr,16,2,3,29,1.0,22,7.3,7,2.3,0,,0.0,15.0,9.7,1.8,0.0,NYJ,0.0,46.0,52.0,8,24,16,48,48,7,bye,1,3.0,5,11.0,3.0,7.0,11.0,290.0,18.1,37.0,394.0
240,TonyBrooks-James,ATL,26,,1,0,3,4,,0,0.0,4,1.3,0,,,,,,,ATL,0.0,0.0,0.0,0,0,0,0,0,0,bye,0,6.0,0,0.0,0.0,0.0,0.0,6.0,6.0,,
241,GarrettGilbert,DAL,29,qb,1,1,3,28,2.0,13,4.3,15,5.0,1,3.0,0.0,15.0,9.3,28.0,0.0,DAL,0.0,0.0,0.0,0,0,0,0,0,73,bye,0,0.0,0,0.0,0.0,0.0,0.0,73.0,73.0,,
242,JakeemGrant,MIA,28,wr,14,4,3,20,1.0,12,4.0,8,2.7,0,,0.0,29.0,6.7,1.4,2.0,MIA,33.0,10.0,8.0,29,14,20,bye,16,29,44,55,24.0,39,31.0,0.0,19.0,0.0,371.0,26.5,36.0,373.0
243,TaylorHeinicke,WAS,27,,1,0,3,22,2.0,22,7.3,0,0.0,0,,0.0,12.0,7.3,22.0,0.0,WAS,0.0,0.0,0.0,0,0,0,0,bye,0,0,0,0.0,0,0.0,0.0,25.0,0.0,25.0,25.0,,
244,AlecIngold,LVR,24,fb,16,4,3,4,2.0,0,0.0,4,1.3,0,,0.0,3.0,1.3,0.3,0.0,LV,17.0,16.0,9.0,8,22,bye,13,26,6,12,20,11.0,13,12.0,20.0,19.0,9.0,233.0,14.6,12.0,110.0
245,DiontaeJohnson,PIT,24,WR,15,13,3,15,0.0,11,3.7,4,1.3,0,,0.0,9.0,5.0,1.0,2.0,PIT,55.0,54.0,19.0,bye,6,0,59,41,59,63,60,65.0,57,28.0,53.0,56.0,58.0,733.0,48.9,88.0,923.0
246,TyronJohnson,LAC,24,,12,0,3,17,0.0,10,3.3,7,2.3,0,,0.0,7.0,5.7,1.4,0.0,LAC,0.0,0.0,0.0,8,5,bye,11,0,3,13,11,18.0,15,54.0,39.0,44.0,43.0,264.0,22.0,20.0,398.0
247,TonyJones,NOR,23,rb,1,1,3,13,1.0,6,2.0,7,2.3,0,,0.0,6.0,4.3,13.0,0.0,NO,0.0,0.0,0.0,0,0,bye,0,0,0,0,0,0.0,0,0.0,0.0,0.0,5.0,5.0,5.0,,
248,JohnLovett,GNB,24,,8,0,3,6,,3,1.0,3,1.0,0,,,,,,,GB,1.0,11.0,2.0,6,bye,5,9,0,11,0,0,0.0,0,0.0,0.0,0.0,0.0,45.0,5.6,,
249,ScottMiller,TAM,23,wr,16,5,3,14,0.0,11,3.7,3,1.0,0,,0.0,7.0,4.7,0.9,0.0,TB,43.0,42.0,29.0,40,45,23,43,53,19,9,15,10.0,bye,5.0,13.0,23.0,28.0,440.0,27.5,33.0,501.0
250,RyanNall,CHI,25,,16,0,3,0,0.0,0,0.0,0,0.0,0,,0.0,0.0,0.0,0.0,0.0,CHI,1.0,3.0,7.0,1,4,1,0,2,10,17,bye,3.0,2,3.0,2.0,11.0,1.0,68.0,4.5,8.0,67.0
251,MalcolmPerry,MIA,23,rb,9,2,3,5,1.0,-1,-0.3,6,2.0,0,,0.0,6.0,1.7,0.6,1.0,MIA,0.0,0.0,0.0,0,0,0,bye,7,23,23,51,6.0,0,33.0,10.0,1.0,2.0,156.0,17.3,9.0,92.0
252,MichaelPittman,IND,23,wr,13,8,3,26,1.0,18,6.0,8,2.7,0,,0.0,21.0,8.7,2.0,0.0,IND,42.0,67.0,35.0,0,0,0,bye,45,59,57,67,64.0,58,55.0,45.0,50.0,58.0,702.0,54.0,40.0,503.0
253,MattSchaub,ATL,39,,1,0,3,-4,,-4,-1.3,0,0.0,0,,,,,,,ATL,0.0,0.0,0.0,0,0,0,0,0,0,bye,0,9.0,0,0.0,0.0,0.0,0.0,9.0,9.0,,
254,AnthonySherman,KAN,32,rb,13,1,3,8,2.0,4,1.3,4,1.3,0,,0.0,6.0,2.7,0.6,0.0,KC,11.0,7.0,10.0,0,2,0,0,0,0,bye,2,3.0,2,5.0,10.0,4.0,4.0,60.0,5.0,1.0,5.0
255,DiontaeSpencer,DEN,28,,11,0,3,19,1.0,14,4.7,5,1.7,0,,0.0,9.0,6.3,1.7,2.0,DEN,6.0,3.0,2.0,1,bye,4,0,0,0,2,1,0.0,0,2.0,1.0,13.0,30.0,65.0,5.9,3.0,26.0
256,AdamThielen,MIN,30,WR,15,15,3,15,0.0,7,2.3,8,2.7,1,3.0,0.0,8.0,5.0,1.0,0.0,MIN,50.0,48.0,61.0,59,81,52,bye,47,50,72,57,0.0,83,71.0,64.0,56.0,76.0,927.0,61.8,74.0,925.0
257,LoganThomas,WAS,29,TE,16,15,3,5,2.0,0,0.0,5,1.7,0,,0.0,3.0,1.7,0.3,0.0,WAS,53.0,60.0,55.0,66,47,63,54,bye,54,87,56,67.0,72,62.0,80.0,71.0,63.0,1010.0,63.1,72.0,670.0
258,CedrickWilson,DAL,25,,16,0,3,-12,0.0,-12,-4.0,0,0.0,0,,0.0,-1.0,-4.0,-0.8,0.0,DAL,3.0,4.0,24.0,18,15,25,20,19,11,bye,14,12.0,20,7.0,16.0,13.0,7.0,228.0,14.3,17.0,189.0
259,IsaiahWright,WAS,23,wr,14,6,3,16,0.0,12,4.0,4,1.3,0,,0.0,9.0,5.3,1.1,3.0,WAS,0.0,0.0,29.0,58,42,57,0,bye,16,29,16,17.0,29,17.0,22.0,13.0,2.0,347.0,24.8,27.0,197.0
260,AntonioBrown,TAM,32,wr,8,4,2,-2,0.0,-2,-1.0,0,0.0,0,,0.0,1.0,-1.0,-0.3,0.0,TB,0.0,0.0,0.0,0,0,0,0,0,39,39,43,43.0,bye,25.0,32.0,46.0,56.0,323.0,40.4,45.0,483.0
261,TreyBurton,IND,29,te,13,4,2,3,2.0,1,0.5,2,1.0,0,,2.0,2.0,1.5,0.2,0.0,IND,0.0,0.0,0.0,36,25,35,bye,39,29,37,24,27.0,25,25.0,19.0,34.0,20.0,375.0,28.8,28.0,250.0
262,DamiereByrd,NWE,27,WR,16,14,2,15,1.0,14,7.0,1,0.5,0,,0.0,11.0,7.5,0.9,3.0,NE,56.0,62.0,66.0,0,bye,55,48,65,80,42,62,45.0,52,52.0,53.0,50.0,40.0,828.0,55.2,47.0,604.0
263,ParrisCampbell,IND,23,wr,2,2,2,16,2.0,14,7.0,2,1.0,0,,0.0,9.0,8.0,8.0,0.0,IND,61.0,2.0,0.0,0,0,0,bye,0,0,0,0,0.0,0,0.0,0.0,0.0,0.0,63.0,31.5,6.0,71.0
264,JeremyChinn,CAR,22,RLB,15,15,2,29,1.0,29,14.5,0,0.0,0,,0.0,28.0,14.5,1.9,0.0,,,,,,,,,,,,,,,,,,,,,,
265,ChaseDaniel,DET,34,,4,0,2,16,1.0,16,8.0,0,0.0,0,,0.0,11.0,8.0,4.0,0.0,DET,0.0,0.0,0.0,0,bye,0,0,0,15,0,0,0.0,0,7.0,9.0,34.0,0.0,65.0,16.3,,
266,JoshuaDobbs,PIT,25,,1,0,2,20,1.0,20,10.0,0,0.0,0,,0.0,13.0,10.0,20.0,0.0,PIT,0.0,0.0,0.0,bye,0,0,0,0,0,0,0,0.0,0,0.0,0.0,0.0,9.0,9.0,9.0,,
267,AshtonDulin,IND,23,,13,0,2,11,0.0,8,4.0,3,1.5,0,,0.0,8.0,5.5,0.8,1.0,IND,0.0,6.0,12.0,18,7,6,bye,9,0,0,0,0.0,8,11.0,4.0,8.0,16.0,105.0,8.1,3.0,53.0
268,JulianEdelman,NWE,34,wr,6,1,2,22,1.0,22,11.0,0,0.0,0,,0.0,23.0,11.0,3.7,0.0,NE,38.0,52.0,56.0,0,bye,43,31,0,0,0,0,0.0,0,0.0,0.0,0.0,0.0,220.0,44.0,21.0,315.0
269,ClaytonFejedelem,MIA,27,,13,0,2,23,2.0,23,11.5,0,0.0,0,,0.0,22.0,11.5,1.8,0.0,,,,,,,,,,,,,,,,,,,,,,
270,DJFoster,ARI,27,,10,0,2,2,0.0,0,0.0,2,1.0,0,,0.0,2.0,1.0,0.2,0.0,ARI,0.0,0.0,0.0,0,0,0,0,bye,5,0,0,0.0,0,0.0,0.0,17.0,3.0,25.0,2.5,1.0,7.0
271,RussellGage,ATL,24,wr,16,8,2,9,1.0,6,3.0,3,1.5,0,,0.0,11.0,4.5,0.6,0.0,ATL,55.0,62.0,12.0,47,40,51,24,39,39,bye,49,69.0,52,41.0,59.0,62.0,61.0,762.0,47.6,72.0,786.0
272,JalenGuyton,LAC,23,wr,16,9,2,0,0.0,-1,-0.5,1,0.5,0,,0.0,4.0,0.0,0.0,0.0,LAC,47.0,44.0,63.0,45,65,bye,54,76,69,44,69,63.0,64,61.0,53.0,52.0,51.0,920.0,57.5,28.0,511.0
273,NKealHarry,NWE,23,wr,14,9,2,0,0.0,-1,-0.5,1,0.5,0,,0.0,2.0,0.0,0.0,1.0,NE,51.0,61.0,46.0,0,bye,51,11,0,0,35,52,26.0,34,36.0,36.0,30.0,58.0,527.0,40.5,33.0,309.0
274,MylesHartsfield,CAR,23,,16,0,2,2,,0,0.0,2,1.0,0,,,,,,,,,,,,,,,,,,,,,,,,,,,,
275,KendallHinton,DEN,23,,1,0,2,7,0.0,4,2.0,3,1.5,0,,0.0,5.0,3.5,7.0,0.0,DEN,0.0,0.0,0.0,0,bye,0,0,0,0,0,0,24.0,0,0.0,0.0,0.0,0.0,24.0,24.0,,
276,AndyJanovich,CLE,27,fb,14,3,2,4,1.0,3,1.5,1,0.5,0,,0.0,2.0,2.0,0.3,0.0,CLE,10.0,22.0,17.0,24,14,7,9,6,bye,15,0,0.0,13,9.0,12.0,11.0,3.0,172.0,12.3,2.0,13.0
277,ChristianKirk,ARI,24,wr,14,10,2,3,1.0,2,1.0,1,0.5,0,,0.0,3.0,1.5,0.2,1.0,ARI,63.0,47.0,0.0,36,44,50,65,bye,44,54,61,64.0,60,66.0,58.0,68.0,0.0,780.0,55.7,48.0,621.0
278,GeorgeKittle,SFO,27,te,8,8,2,17,1.0,4,2.0,13,6.5,0,,0.0,9.0,8.5,2.1,0.0,SF,61.0,0.0,0.0,72,64,71,60,46,0,0,bye,0.0,0,0.0,0.0,28.0,41.0,443.0,55.4,48.0,634.0
279,AllenLazard,GNB,25,wr,10,9,2,17,1.0,13,6.5,4,2.0,0,,0.0,19.0,8.5,1.7,0.0,GB,67.0,61.0,59.0,0,bye,0,0,0,0,0,36,33.0,42,46.0,48.0,41.0,36.0,469.0,46.9,33.0,451.0
280,TommyleeLewis,NOR,28,,5,0,2,14,1.0,8,4.0,6,3.0,1,2.0,0.0,16.0,7.0,2.8,0.0,NO,0.0,0.0,0.0,0,0,bye,0,5,0,0,0,0.0,4,1.0,6.0,0.0,7.0,23.0,4.6,1.0,5.0
281,TerryMcLaurin,WAS,25,WR,15,15,2,30,2.0,12,6.0,18,9.0,0,,0.0,27.0,15.0,2.0,1.0,WAS,65.0,62.0,61.0,64,54,70,58,bye,53,86,57,62.0,68,58.0,78.0,0.0,51.0,947.0,63.1,87.0,1118.0
282,JakobiMeyers,NWE,24,wr,14,9,2,9,0.0,2,1.0,7,3.5,1,2.0,0.0,7.0,4.5,0.6,1.0,NE,8.0,8.0,7.0,0,bye,0,41,64,80,57,68,50.0,56,59.0,53.0,50.0,65.0,666.0,47.6,59.0,729.0
283,AnthonyMiller,CHI,26,wr,16,6,2,12,1.0,12,6.0,0,0.0,0,,0.0,9.0,6.0,0.8,2.0,CHI,27.0,26.0,47.0,43,26,44,0,53,53,24,bye,47.0,39,33.0,16.0,30.0,39.0,547.0,36.5,49.0,485.0
284,DJMoore,CAR,23,WR,15,14,2,22,1.0,14,7.0,8,4.0,0,,0.0,21.0,11.0,1.5,0.0,CAR,58.0,65.0,45.0,56,51,64,42,48,81,43,61,59.0,bye,0.0,56.0,55.0,52.0,836.0,55.7,66.0,1193.0
285,GabeNabers,LAC,23,fb,16,5,2,7,1.0,2,1.0,5,2.5,0,,0.0,4.0,3.5,0.4,0.0,LAC,6.0,8.0,3.0,7,13,bye,14,3,1,10,7,7.0,3,12.0,11.0,2.0,22.0,129.0,8.1,5.0,25.0
286,SenorisePerry,TEN,29,,7,0,2,9,1.0,2,1.0,7,3.5,0,,0.0,6.0,4.5,1.3,0.0,TEN,0.0,2.0,0.0,bye,0,0,0,0,0,0,0,0.0,0,0.0,0.0,0.0,0.0,2.0,0.3,,
287,ScottiePhillips,HOU,23,,8,0,2,9,,5,2.5,4,2.0,0,,,,,,,HOU,0.0,0.0,0.0,0,0,0,0,bye,0,0,0,4.0,0,1.0,4.0,0.0,0.0,9.0,1.1,1.0,7.0
288,BrandonPowell,ATL,25,,15,1,2,7,0.0,6,3.0,1,0.5,0,,0.0,4.0,3.5,0.5,2.0,ATL,2.0,0.0,38.0,0,5,5,24,1,10,bye,4,13.0,12,28.0,28.0,13.0,0.0,183.0,12.2,12.0,69.0
289,DariusSlayton,NYG,23,WR,16,15,2,-1,0.0,-3,-1.5,2,1.0,0,,0.0,2.0,-0.5,-0.1,1.0,NYG,58.0,58.0,51.0,66,64,40,55,68,65,45,bye,56.0,51,47.0,47.0,55.0,51.0,877.0,54.8,50.0,751.0
290,GenoSmith,SEA,30,,1,0,2,-2,0.0,-2,-1.0,0,0.0,0,,0.0,0.0,-1.0,-2.0,1.0,SEA,0.0,0.0,0.0,0,0,bye,0,0,0,0,0,0.0,0,18.0,0.0,0.0,0.0,18.0,18.0,,
291,JonnuSmith,TEN,25,TE,15,14,2,4,1.0,4,2.0,0,0.0,0,,1.0,3.0,2.0,0.3,0.0,TEN,59.0,54.0,66.0,bye,57,29,40,50,52,47,52,54.0,0,41.0,63.0,40.0,41.0,745.0,49.7,41.0,448.0
292,NateSudfeld,PHI,27,,1,0,2,12,1.0,12,6.0,0,0.0,0,,0.0,12.0,6.0,12.0,1.0,PHI,0.0,0.0,0.0,0,0,0,0,0,bye,0,0,0.0,0,0.0,0.0,0.0,18.0,18.0,18.0,,
293,GregWard,PHI,25,wr,16,10,2,-4,0.0,-4,-2.0,0,0.0,0,,0.0,2.0,-2.0,-0.3,2.0,PHI,30.0,13.0,76.0,48,41,58,76,58,bye,42,46,48.0,44,51.0,44.0,66.0,48.0,789.0,49.3,53.0,419.0
294,DexterWilliams,GNB,23,,3,0,2,8,,7,3.5,1,0.5,0,,,,,,,GB,0.0,0.0,0.0,0,bye,0,0,0,4,0,0,0.0,0,0.0,0.0,3.0,0.0,7.0,2.3,,
295,ShawnWilliams,CIN,29,,13,0,2,46,2.0,46,23.0,0,0.0,0,,0.0,39.0,23.0,3.5,0.0,,,,,,,,,,,,,,,,,,,,,,
296,IsaiahZuber,NWE,23,,4,0,2,21,2.0,19,9.5,2,1.0,0,,0.0,13.0,10.5,5.3,0.0,NE,0.0,0.0,6.0,0,bye,5,0,6,0,0,0,0.0,0,0.0,0.0,0.0,0.0,17.0,5.7,2.0,29.0
297,JordanAkins,HOU,28,te,13,5,1,4,1.0,0,0.0,4,4.0,1,1.0,0.0,4.0,4.0,0.3,0.0,HOU,48.0,49.0,32.0,19,0,0,0,bye,22,24,31,26.0,45,36.0,40.0,17.0,16.0,405.0,31.2,37.0,403.0
298,KeenanAllen,LAC,28,WR,14,13,1,-1,0.0,-1,-1.0,0,0.0,0,,0.0,-1.0,-1.0,-0.1,3.0,LAC,70.0,81.0,75.0,50,12,bye,69,85,78,55,78,78.0,62,57.0,24.0,0.0,0.0,874.0,62.4,100.0,992.0
299,DannyAmendola,DET,35,wr,14,5,1,2,1.0,2,2.0,0,0.0,0,,0.0,2.0,2.0,0.1,0.0,DET,44.0,33.0,29.0,34,bye,20,33,41,48,23,0,0.0,33,34.0,27.0,31.0,24.0,454.0,32.4,46.0,602.0
300,BlakeBell,DAL,29,te,16,2,1,2,1.0,1,1.0,1,1.0,0,,0.0,2.0,2.0,0.1,0.0,DAL,8.0,31.0,27.0,29,18,19,21,41,31,bye,14,18.0,18,15.0,22.0,30.0,16.0,358.0,22.4,11.0,110.0
301,NickBellore,SEA,31,,16,0,1,5,0.0,1,1.0,4,4.0,0,,0.0,5.0,5.0,0.3,0.0,,,,,,,,,,,,,,,,,,,,,1.0,9.0
302,DavidBlough,DET,25,,1,0,1,18,1.0,18,18.0,0,0.0,0,,0.0,18.0,18.0,18.0,0.0,DET,0.0,0.0,0.0,0,bye,0,0,0,0,0,0,0.0,0,0.0,0.0,15.0,0.0,15.0,15.0,,
303,CJBoard,NYG,27,wr,14,4,1,3,0.0,3,3.0,0,0.0,0,,0.0,3.0,3.0,0.2,0.0,NYG,21.0,11.0,24.0,32,28,10,0,0,14,6,bye,9.0,3,1.0,1.0,9.0,0.0,169.0,12.1,11.0,101.0
304,MarquiseBrown,BAL,23,WR,16,14,1,1,0.0,1,1.0,0,0.0,0,,0.0,1.0,1.0,0.1,0.0,BAL,37.0,44.0,44.0,43,54,62,bye,77,55,62,47,42.0,45,52.0,52.0,43.0,43.0,802.0,50.1,58.0,769.0
305,NoahBrown,DAL,24,wr,16,1,1,4,0.0,1,1.0,3,3.0,0,,0.0,4.0,4.0,0.3,0.0,DAL,3.0,7.0,29.0,23,21,23,15,16,8,bye,15,13.0,11,8.0,17.0,18.0,1.0,228.0,14.3,14.0,154.0
306,JasonCabinda,DET,24,mlb,16,2,1,0,0.0,0,0.0,0,0.0,0,,0.0,0.0,0.0,0.0,0.0,,,,,,,,,,,,,,,,,,,,,2.0,8.0
307,AJCole,LVR,25,p,16,0,1,0,,0,0.0,0,0.0,0,,,,,,,,,,,,,,,,,,,,,,,,,,,,
308,KeelanCole,JAX,27,wr,16,5,1,2,0.0,0,0.0,2,2.0,0,,0.0,2.0,2.0,0.1,0.0,JAC,35.0,51.0,50.0,50,60,26,48,bye,47,52,47,61.0,49,61.0,43.0,40.0,45.0,765.0,47.8,55.0,642.0
309,JamisonCrowder,NYJ,27,wr,12,7,1,14,1.0,10,10.0,4,4.0,0,,0.0,14.0,14.0,1.2,0.0,NYJ,48.0,0.0,0.0,64,52,63,0,0,31,bye,56,44.0,42,38.0,49.0,63.0,42.0,592.0,49.3,59.0,699.0
310,GabrielDavis,BUF,21,WR,16,11,1,0,0.0,0,0.0,0,0.0,0,,0.0,0.0,0.0,0.0,1.0,BUF,43.0,22.0,46.0,36,72,33,70,35,32,37,bye,60.0,71,62.0,68.0,72.0,38.0,797.0,49.8,35.0,599.0
311,StefonDiggs,BUF,27,WR,16,15,1,1,0.0,0,0.0,1,1.0,0,,0.0,1.0,1.0,0.1,0.0,BUF,82.0,48.0,61.0,57,60,51,72,53,60,69,bye,60.0,69,70.0,67.0,56.0,31.0,966.0,60.4,127.0,1535.0
312,GeraldEverett,LAR,26,te,16,7,1,2,1.0,2,2.0,0,0.0,0,,1.0,2.0,2.0,0.1,1.0,LAR,24.0,30.0,28.0,33,30,30,0,52,bye,43,41,29.0,60,53.0,27.0,52.0,49.0,581.0,38.7,41.0,417.0
313,WillFuller,HOU,26,WR,11,11,1,0,0.0,0,0.0,0,0.0,0,,0.0,0.0,0.0,0.0,0.0,,,,,,,,,,,,,,,,,,,,,53.0,879.0
314,AntonioGandy-Golden,WAS,22,wr,6,2,1,22,1.0,21,21.0,1,1.0,0,,0.0,22.0,22.0,3.7,0.0,WAS,0.0,5.0,16.0,12,23,7,0,bye,0,0,0,0.0,0,0.0,0.0,59.0,0.0,122.0,20.3,1.0,3.0
315,JamieGillan,CLE,23,p,16,0,1,-2,,-2,-2.0,0,0.0,0,,,,,,,,,,,,,,,,,,,,,,,,,,,,
316,TerryGodwin,JAX,24,,3,0,1,3,0.0,1,1.0,2,2.0,0,,0.0,3.0,3.0,1.0,0.0,JAC,0.0,0.0,0.0,0,0,0,0,bye,0,2,7,0.0,0,0.0,0.0,0.0,41.0,50.0,16.7,3.0,32.0
317,MarvinHall,2TM,27,,12,6,1,1,0.0,0,0.0,1,1.0,1,1.0,0.0,1.0,1.0,0.1,0.0,Multi,16.0,17.0,6.0,5,0,8,12,42,53,38,38,49.0,0,0.0,0.0,74.0,0.0,358.0,29.8,18.0,302.0
318,PennyHart,SEA,24,,13,0,1,19,1.0,19,19.0,0,0.0,0,,0.0,19.0,19.0,1.5,0.0,SEA,1.0,0.0,2.0,7,0,bye,0,0,0,3,5,8.0,4,27.0,0.0,2.0,3.0,62.0,4.8,1.0,3.0
319,JeffHeath,LVR,29,fs,13,5,1,1,1.0,1,1.0,0,0.0,0,,0.0,1.0,1.0,0.1,0.0,,,,,,,,,,,,,,,,,,,,,,
320,TylerHigbee,LAR,27,TE,15,15,1,1,0.0,1,1.0,0,0.0,0,,0.0,1.0,1.0,0.1,0.0,LAR,65.0,59.0,50.0,48,56,45,0,57,bye,59,52,38.0,69,55.0,49.0,52.0,60.0,814.0,54.3,44.0,521.0
321,JohnHightower,PHI,24,wr,13,4,1,1,0.0,0,0.0,1,1.0,0,,0.0,1.0,1.0,0.1,0.0,PHI,28.0,7.0,78.0,50,48,43,30,10,bye,3,1,19.0,18,0.0,0.0,0.0,12.0,347.0,26.7,10.0,167.0
322,TJHockenson,DET,23,TE,16,16,1,0,0.0,0,0.0,0,0.0,0,,0.0,0.0,0.0,0.0,1.0,DET,50.0,41.0,54.0,46,bye,29,44,45,57,39,37,60.0,53,56.0,52.0,46.0,39.0,748.0,46.8,67.0,723.0
323,AmaniHooker,TEN,22,fs,16,3,1,4,1.0,4,4.0,0,0.0,0,,0.0,4.0,4.0,0.3,0.0,,,,,,,,,,,,,,,,,,,,,,
324,DeAndreHopkins,ARI,28,WR,16,16,1,1,0.0,0,0.0,1,1.0,0,,0.0,1.0,1.0,0.1,3.0,ARI,77.0,75.0,61.0,54,65,48,79,bye,67,70,61,71.0,64,62.0,65.0,75.0,48.0,1042.0,65.1,115.0,1407.0
325,BrianHoyer,NWE,35,qb,1,1,1,8,1.0,2,2.0,6,6.0,1,1.0,0.0,8.0,8.0,8.0,1.0,,,,,,,,,,,,,,,,,,,,,,
326,AndyIsabella,ARI,24,wr,13,2,1,-6,0.0,-6,-6.0,0,0.0,0,,0.0,-6.0,-6.0,-0.5,1.0,ARI,14.0,14.0,26.0,24,23,19,42,bye,17,11,18,41.0,54,0.0,0.0,0.0,3.0,306.0,23.5,21.0,224.0
327,DeSeanJackson,PHI,34,wr,5,5,1,12,1.0,8,8.0,4,4.0,0,,0.0,12.0,12.0,2.4,0.0,PHI,38.0,55.0,28.0,0,0,0,39,0,bye,0,0,0.0,0,0.0,0.0,20.0,0.0,180.0,36.0,14.0,236.0
328,JustinJefferson,MIN,21,WR,16,14,1,2,0.0,1,1.0,1,1.0,0,,0.0,2.0,2.0,0.1,1.0,MIN,36.0,29.0,51.0,51,70,50,bye,34,35,61,59,72.0,82,68.0,66.0,58.0,64.0,886.0,55.4,88.0,1400.0
329,VanJefferson,LAR,24,,16,0,1,-1,0.0,-1,-1.0,0,0.0,0,,0.0,-1.0,-1.0,-0.1,1.0,LAR,33.0,26.0,8.0,3,18,3,0,14,bye,13,4,0.0,40,19.0,14.0,14.0,44.0,253.0,16.9,19.0,220.0
330,ChrisJones,DAL,31,,8,0,1,0,,0,0.0,0,0.0,0,,,,,,,,,,,,,,,,,,,,,,,,,,,,
331,AdrianKillins,PHI,22,,1,0,1,-12,,-12,-12.0,0,0.0,0,,,,,,,PHI,0.0,0.0,0.0,8,0,0,0,0,bye,0,0,0.0,0,0.0,0.0,0.0,0.0,8.0,8.0,1.0,2.0
332,ColeKmet,CHI,21,te,16,9,1,-3,0.0,-3,-3.0,0,0.0,0,,0.0,-3.0,-3.0,-0.2,1.0,CHI,21.0,22.0,26.0,15,21,23,0,30,36,35,bye,54.0,54,51.0,64.0,65.0,67.0,584.0,38.9,28.0,243.0
333,TyLong,LAC,27,p,16,0,1,-28,,-28,-28.0,0,0.0,0,,,,,,,,,,,,,,,,,,,,,,,,,,,,
334,JakeLuton,JAX,24,qb,3,3,1,13,1.0,0,0.0,13,13.0,0,,1.0,13.0,13.0,4.3,2.0,JAC,0.0,0.0,0.0,0,0,0,0,bye,69,64,58,0.0,0,0.0,0.0,0.0,0.0,191.0,63.7,,
335,JoshMalone,NYJ,24,,4,0,1,12,1.0,9,9.0,3,3.0,0,,0.0,12.0,12.0,3.0,0.0,NYJ,0.0,42.0,38.0,0,0,0,0,0,0,bye,0,0.0,0,0.0,0.0,0.0,0.0,80.0,20.0,4.0,16.0
336,SamMartin,DEN,30,p,16,0,1,0,,0,0.0,0,0.0,0,,,,,,,,,,,,,,,,,,,,,,,,,,,,
337,BarkeviousMingo,CHI,30,olb,16,3,1,11,1.0,11,11.0,0,0.0,0,,0.0,11.0,11.0,0.7,0.0,,,,,,,,,,,,,,,,,,,,,,
338,DonteMoncrief,NWE,27,,6,0,1,4,1.0,0,0.0,4,4.0,1,1.0,0.0,4.0,4.0,0.7,0.0,NE,0.0,0.0,0.0,0,bye,0,0,0,0,0,4,1.0,15,5.0,0.0,0.0,0.0,25.0,4.2,1.0,15.0
339,CJMoore,DET,25,,12,0,1,3,,3,3.0,0,0.0,0,,,,,,,,,,,,,,,,,,,,,,,,,,,,
340,JojoNatson,CLE,26,,3,0,1,3,,3,3.0,0,0.0,0,,,,,,,,,,,,,,,,,,,,,,,,,,,,
341,SharrodNeasman,ATL,29,cb,16,2,1,2,,2,2.0,0,0.0,0,,,,,,,,,,,,,,,,,,,,,,,,,,,,
342,QadreeOllison,ATL,24,,3,0,1,3,1.0,0,0.0,3,3.0,0,,0.0,3.0,3.0,1.0,0.0,ATL,0.0,0.0,1.0,0,0,0,0,8,5,bye,0,0.0,0,0.0,0.0,0.0,0.0,14.0,4.7,,
343,DevineOzigbo,JAX,24,,8,0,1,1,0.0,1,1.0,0,0.0,0,,0.0,1.0,1.0,0.1,0.0,JAC,0.0,0.0,0.0,0,0,0,0,bye,0,0,4,2.0,0,6.0,3.0,11.0,1.0,27.0,3.4,9.0,42.0
344,BreshadPerriman,NYJ,27,WR,12,12,1,6,0.0,6,6.0,0,0.0,0,,0.0,6.0,6.0,0.5,0.0,NYJ,56.0,20.0,0.0,0,0,63,54,0,45,bye,59,54.0,59,53.0,63.0,69.0,56.0,651.0,54.3,30.0,505.0
345,NathanPeterman,LVR,26,,1,0,1,9,1.0,8,8.0,1,1.0,0,,0.0,9.0,9.0,9.0,0.0,LV,0.0,0.0,0.0,0,0,bye,0,0,0,0,0,11.0,0,0.0,0.0,0.0,0.0,11.0,11.0,,
346,KalifRaymond,TEN,26,,15,3,1,-3,0.0,-3,-3.0,0,0.0,0,,0.0,-3.0,-3.0,-0.2,0.0,TEN,18.0,28.0,20.0,bye,36,21,1,24,14,16,15,15.0,14,16.0,0.0,7.0,3.0,248.0,16.5,9.0,187.0
347,CraigReynolds,JAX,24,,2,0,1,4,,4,4.0,0,0.0,0,,,,,,,JAC,0.0,0.0,0.0,0,0,0,0,bye,0,0,0,0.0,0,0.0,0.0,3.0,0.0,3.0,1.5,1.0,3.0
348,JoshReynolds,LAR,25,WR,16,13,1,5,0.0,4,4.0,1,1.0,0,,0.0,5.0,5.0,0.3,2.0,LAR,37.0,42.0,62.0,30,49,50,0,77,bye,56,65,61.0,37,35.0,45.0,48.0,55.0,749.0,49.9,52.0,618.0
349,PatrickRicard,BAL,26,fb,15,10,1,-1,0.0,-1,-1.0,0,0.0,0,,0.0,-1.0,-1.0,-0.1,1.0,BAL,25.0,28.0,11.0,25,17,29,bye,17,22,19,23,0.0,30,30.0,39.0,39.0,51.0,405.0,27.0,9.0,45.0
350,AndreRoberts,BUF,32,,15,0,1,-3,0.0,-3,-3.0,0,0.0,0,,0.0,-3.0,-3.0,-0.2,3.0,BUF,2.0,6.0,11.0,6,24,1,0,0,0,1,bye,0.0,0,0.0,0.0,11.0,0.0,62.0,4.1,4.0,34.0
351,AllenRobinson,CHI,27,WR,16,16,1,-1,0.0,-1,-1.0,0,0.0,0,,0.0,-1.0,-1.0,-0.1,0.0,CHI,53.0,53.0,64.0,55,55,58,0,68,73,45,bye,64.0,51,45.0,57.0,49.0,71.0,861.0,57.4,102.0,1250.0
352,EmmanuelSanders,NOR,33,wr,14,5,1,12,1.0,9,9.0,3,3.0,0,,0.0,12.0,12.0,0.9,1.0,NO,33.0,47.0,48.0,51,45,bye,0,0,22,34,39,20.0,49,53.0,39.0,38.0,41.0,559.0,39.9,61.0,726.0
353,MohamedSanu,2TM,31,,10,4,1,3,1.0,0,0.0,3,3.0,0,,0.0,3.0,3.0,0.3,0.0,Multi,0.0,13.0,20.0,7,0,0,0,0,0,0,15,39.0,40,40.0,42.0,38.0,27.0,281.0,28.1,17.0,187.0
354,CamSims,WAS,24,wr,16,10,1,5,0.0,1,1.0,4,4.0,0,,0.0,5.0,5.0,0.3,0.0,WAS,0.0,4.0,1.0,4,0,7,61,bye,40,83,52,55.0,62,59.0,77.0,71.0,63.0,639.0,39.9,32.0,477.0
355,StevenSims,WAS,23,wr,12,2,1,18,1.0,1,1.0,17,17.0,0,,0.0,18.0,18.0,1.5,5.0,WAS,58.0,60.0,21.0,0,0,0,0,bye,16,40,20,13.0,22,23.0,28.0,46.0,30.0,377.0,31.4,27.0,265.0
356,MattSkura,BAL,27,C,15,12,1,0,,0,0.0,0,0.0,0,,,,,,,,,,,,,,,,,,,,,,,,,,,,
357,TreQuanSmith,NOR,24,wr,14,10,1,3,0.0,1,1.0,2,2.0,0,,0.0,3.0,3.0,0.2,1.0,NO,44.0,53.0,61.0,62,59,bye,57,58,45,16,45,31.0,63,54.0,24.0,0.0,0.0,672.0,48.0,34.0,448.0
358,EquanimeousStBrown,GNB,24,wr,12,1,1,7,1.0,4,4.0,3,3.0,0,,0.0,7.0,7.0,0.6,0.0,GB,0.0,0.0,0.0,0,bye,11,3,22,4,31,15,38.0,11,17.0,11.0,18.0,15.0,196.0,16.3,7.0,117.0
359,EastonStick,LAC,25,,1,0,1,-2,,-2,-2.0,0,0.0,0,,,,,,,LAC,0.0,0.0,0.0,0,0,bye,2,0,0,0,0,0.0,0,0.0,0.0,0.0,0.0,2.0,2.0,,
360,MalikTaylor,GNB,25,wr,15,1,1,9,0.0,0,0.0,9,9.0,0,,0.0,9.0,9.0,0.6,0.0,GB,1.0,15.0,4.0,45,bye,32,10,13,26,8,0,2.0,5,0.0,1.0,4.0,0.0,166.0,11.1,5.0,66.0
361,MichaelThomas,NOR,27,wr,7,5,1,1,0.0,0,0.0,1,1.0,0,,0.0,1.0,1.0,0.1,0.0,NO,55.0,0.0,0.0,0,0,bye,0,0,40,46,57,43.0,47,57.0,0.0,0.0,0.0,345.0,49.3,40.0,438.0
362,MikeThomas,CIN,26,,14,0,1,1,0.0,0,0.0,1,1.0,0,,0.0,1.0,1.0,0.1,1.0,CIN,16.0,32.0,16.0,25,33,26,17,6,bye,18,0,0.0,13,6.0,1.0,12.0,10.0,231.0,16.5,13.0,132.0
363,DarianThompson,DAL,27,ss,15,7,1,3,,3,3.0,0,0.0,0,,,,,,,,,,,,,,,,,,,,,,,,,,,,
364,AustinWalter,SFO,24,,4,0,1,3,0.0,1,1.0,2,2.0,0,,0.0,3.0,3.0,0.8,0.0,SF,0.0,0.0,0.0,0,0,0,0,0,0,12,bye,0.0,0,0.0,0.0,0.0,0.0,12.0,3.0,1.0,27.0
365,SammyWatkins,KAN,27,wr,10,9,1,3,0.0,1,1.0,2,2.0,0,,0.0,3.0,3.0,0.3,1.0,KC,55.0,45.0,65.0,0,26,0,0,0,0,bye,0,57.0,48,54.0,80.0,51.0,0.0,481.0,53.4,37.0,421.0
366,TrevonWesco,NYJ,25,te,12,4,1,0,,0,0.0,0,0.0,0,,,,,,,NYJ,8.0,24.0,15.0,8,16,7,9,9,0,bye,0,0.0,0,12.0,17.0,8.0,13.0,146.0,12.2,1.0,5.0
367,JonathanWilliams,DET,26,,5,0,1,5,0.0,5,5.0,0,0.0,0,,0.0,5.0,5.0,1.0,1.0,DET,0.0,0.0,0.0,0,bye,0,0,0,0,0,0,21.0,6,0.0,0.0,0.0,0.0,27.0,5.4,4.0,21.0
368,MikeWilliams,LAC,26,WR,15,11,1,1,0.0,1,1.0,0,0.0,0,,0.0,1.0,1.0,0.1,0.0,LAC,58.0,74.0,40.0,0,55,bye,61,76,73,48,68,67.0,59,2.0,28.0,48.0,42.0,799.0,53.3,48.0,756.0
369,JavonWims,CHI,26,wr,13,1,1,2,0.0,1,1.0,1,1.0,0,,0.0,2.0,2.0,0.2,0.0,CHI,23.0,29.0,23.0,10,17,13,0,9,0,0,bye,0.0,28,25.0,21.0,36.0,41.0,275.0,22.9,6.0,48.0
370,OlamideZaccheaus,ATL,23,wr,11,2,1,0,0.0,0,0.0,0,0.0,0,,0.0,0.0,0.0,0.0,0.0,ATL,11.0,16.0,54.0,53,63,14,11,9,52,bye,13,12.0,0,0.0,0.0,0.0,0.0,308.0,28.0,20.0,274.0
371,BrandonZylstra,CAR,27,wr,16,2,1,1,0.0,1,1.0,0,0.0,0,,0.0,1.0,1.0,0.1,0.0,CAR,8.0,4.0,2.0,8,0,0,5,13,9,11,11,14.0,bye,26.0,5.0,3.0,7.0,126.0,7.9,3.0,35.0
